name,url,description,duration,adaptive_support,remote_support,test_type
Global Skills Development Report,https://www.shl.com/products/product-catalog/view/global-skills-development-report/,"Global Skills Development Report : This report is designed to be given to individuals who have completed the Global Skills Assessment (GSA). With coverage across the Great 8 Domains, this…",,No,No,['AEBCDP']
.NET Framework 4.5,https://www.shl.com/products/product-catalog/view/net-framework-4-5/,".NET Framework 4.5: The.NET Framework 4.5 test measures knowledge of .NET environment. Designed for experienced users, this test covers the following topics: Application…",,No,No,['K']
.NET MVC (New),https://www.shl.com/products/product-catalog/view/net-mvc-new/,".NET MVC (New): Multi-choice test that measures the knowledge of Model-View-Controller (MVC) architecture, validation, security, routing, and areas.",,No,No,['K']
.NET MVVM (New),https://www.shl.com/products/product-catalog/view/net-mvvm-new/,".NET MVVM (New): Multi-choice test that measures the knowledge of MVVM pattern, scenarios, data validation, ViewModel communication and Quick-start.",,No,No,['K']
.NET WCF (New),https://www.shl.com/products/product-catalog/view/net-wcf-new/,".NET WCF (New): Multi-choice test that measures the knowledge of .NET fundamentals, WCF architecture, programming model, SOA, managing and programming WCF.",,No,No,['K']
.NET WPF (New),https://www.shl.com/products/product-catalog/view/net-wpf-new/,".NET WPF (New): Multi-choice test that measures the knowledge of .NET basics, WPF, XAML controls, events, layouts, working with WPF windows/menus and deploying WPF…",,No,No,['K']
.NET XAML (New),https://www.shl.com/products/product-catalog/view/net-xaml-new/,".NET XAML (New): Multi-choice test that measures the knowledge of XAML triggers, data binding, custom controls and layouts.",,No,No,['K']
Accounts Payable (New),https://www.shl.com/products/product-catalog/view/accounts-payable-new/,"Accounts Payable (New): Multiple-choice test that measures the knowledge of processing payables and vendor invoices, and the posting of journal entries.",,No,No,['K']
Accounts Payable Simulation (New),https://www.shl.com/products/product-catalog/view/accounts-payable-simulation-new/,Accounts Payable Simulation (New): Simulated data entry test that measures the ability to process payables and vendor invoices.,,No,No,['S']
Accounts Receivable (New),https://www.shl.com/products/product-catalog/view/accounts-receivable-new/,Accounts Receivable (New): Multiple-choice test that measures the knowledge of processing receivables and invoices.,,No,No,['K']
Accounts Receivable Simulation (New),https://www.shl.com/products/product-catalog/view/accounts-receivable-simulation-new/,Accounts Receivable Simulation (New): Simulated data entry test that measures the ability to process receivables and invoices.,,No,No,['S']
ADO.NET (New),https://www.shl.com/products/product-catalog/view/ado-net-new/,"ADO.NET (New): Multi-choice test that measures the knowledge on the concepts of ADO.NET architecture, components and data provider objects.",,No,No,['K']
Adobe Experience Manager (New),https://www.shl.com/products/product-catalog/view/adobe-experience-manager-new/,"Adobe Experience Manager (New): Multi-choice test that measures the knowledge of AEM components, templates, workflows, AEM collections, OSGi services and troubleshooting of AEM projects.",,No,No,['K']
Adobe Photoshop CC,https://www.shl.com/products/product-catalog/view/adobe-photoshop-cc/,"Adobe Photoshop CC: The Adobe Photoshop CC test measures knowledge of Adobe Photoshop CC. Designed for experienced users, this test covers the following topics: 3D, Color, File…",,No,No,['K']
Aeronautical Engineering (New),https://www.shl.com/products/product-catalog/view/aeronautical-engineering-new/,"Aeronautical Engineering (New): Multi-choice test that measures the knowledge of flight mechanics, space dynamics, aerodynamics, structures and propulsion.",,No,No,['K']
Aerospace Engineering (New),https://www.shl.com/products/product-catalog/view/aerospace-engineering-new/,"Aerospace Engineering (New): Multi-choice test that measures the conceptual knowledge of aerodynamics, aircraft systems and instrumentation, flight dynamics, space dynamics and avionics.",,No,No,['K']
Agile Software Development,https://www.shl.com/products/product-catalog/view/agile-software-development/,"Agile Software Development: Multi-choice test that measures the knowledge of agile methodology, scrum, feature driven software development, incremental and iterative development and…",7.0,No,No,['K']
Agile Testing (New),https://www.shl.com/products/product-catalog/view/agile-testing-new/,"Agile Testing (New): Multi-choice test that measures the knowledge of tools, techniques and processes involved in the Agile testing methodology.",,No,No,['K']
AI Skills,https://www.shl.com/products/product-catalog/view/ai-skills/,AI Skills : The AI Skills assessment measures the skills that help candidates successfully leverage AI in their work.,,No,No,['P']
Amazon Web Services (AWS) Development (New),https://www.shl.com/products/product-catalog/view/amazon-web-services-aws-development-new/,"Amazon Web Services (AWS) Development (New): Multi-choice test that measures the knowledge of AWS delivery process, monitoring, metrics, logging, security, validation and scalability.",,No,No,['K']
Android Development (New),https://www.shl.com/products/product-catalog/view/android-development-new/,"Android Development (New): Multi-choice test that measures the knowledge of UI components for an Android device, services and alerts, animation and media apps, application components…",,No,No,['K']
Angular 6 (New),https://www.shl.com/products/product-catalog/view/angular-6-new/,"Angular 6 (New): Multi-choice test that measures the knowledge of the basic components and modules of Angular 6 and concepts like data binding, dependency injection, CRUD with…",,No,No,['K']
AngularJS (New),https://www.shl.com/products/product-catalog/view/angularjs-new/,"AngularJS (New): Multi-choice test that measures the knowledge of AngularJS architecture, forms, directives, filters, controllers, routing and testing.",,No,No,['K']
Apache Hadoop (New),https://www.shl.com/products/product-catalog/view/apache-hadoop-new/,"Apache Hadoop (New): Multi-choice test that measures the knowledge of basic concepts of Hadoop, commands, HDFS and MapReduce.",,No,No,['K']
Apache Hadoop Extensions (New),https://www.shl.com/products/product-catalog/view/apache-hadoop-extensions-new/,"Apache Hadoop Extensions (New): Multi-choice test that measures the conceptual knowledge of Pig, Hive and HBase.",,No,No,['K']
Apache HBase (New),https://www.shl.com/products/product-catalog/view/apache-hbase-new/,"Apache HBase (New): Multi-choice test that measures the knowledge of HBase concepts such as CAP theorem, ACID properties, HBase client API, MapReduce integration, configuration…",,No,No,['K']
Apache Hive (New),https://www.shl.com/products/product-catalog/view/apache-hive-new/,"Apache Hive (New): Multi-choice test that measures the knowledge of Hive architecture, datatypes, built-in functions, configurations, partitioning, bucketing and commands of Hive…",,No,No,['K']
Apache Kafka (New),https://www.shl.com/products/product-catalog/view/apache-kafka-new/,"Apache Kafka (New): Multi-choice test that measures the knowledge of Apache Kafka architecture, components, clusters, performance tuning and advanced operations.",,No,No,['K']
Apache Pig (New),https://www.shl.com/products/product-catalog/view/apache-pig-new/,"Apache Pig (New): Multi-choice test that measures the knowledge of Pig architecture, built-in operators, built-in functions and commands in PigLatin.",,No,No,['K']
Apache Spark (New),https://www.shl.com/products/product-catalog/view/apache-spark-new/,"Apache Spark (New): Multi-choice test that measures the knowledge of Apache Spark principles, RDD operations - actions and transformations, lineage graphs and lazy evaluation.",,No,No,['K']
ASP .NET with C# (New),https://www.shl.com/products/product-catalog/view/asp-net-with-c-new/,"ASP .NET with C# (New): Multi-choice test that measures the knowledge of .NET framework and controls, C# fundamentals, OOPs concepts and advanced topics such as data access…",,No,No,['K']
ASP.NET 4.5,https://www.shl.com/products/product-catalog/view/asp-net-4-5/,"ASP.NET 4.5: The ASP.NET 4.5 test measures knowledge of programming in the ASP.NET environment. Designed for experienced developers, but an average performer in this role…",,No,No,['K']
Assessment and Development Center Exercises,https://www.shl.com/products/product-catalog/view/assessment-and-development-center-exercises/,"Assessment and Development Center Exercises: SHL offers a comprehensive range of Assessment and Development Centre exercise in digital format, for remote assessment through our Virtual Assessment and…",,No,No,['E']
Automata - Fix (New),https://www.shl.com/products/product-catalog/view/automata-fix-new/,"Automata - Fix (New): A simulated compiler integrated test to measure debugging skills in C, C++ and Java. The test checks the ability to fix logical or syntactical errors and to…",,No,No,['S']
Automata - SQL (New),https://www.shl.com/products/product-catalog/view/automata-sql-new/,"Automata - SQL (New): A simulated query writing test that measures the ability to write SQL queries to perform DDL, DML and DCL tasks.",,No,No,['S']
Automata (New),https://www.shl.com/products/product-catalog/view/automata-new/,Automata (New): An AI-powered coding simulation assessment that evaluates candidate’s programming ability. Offers a familiar IDE environment available in over 40 different…,,No,No,['S']
Automata Data Science (New),https://www.shl.com/products/product-catalog/view/automata-data-science-new/,Automata Data Science (New): A simulated test that measures the ability to analyze and modify data using machine learning algorithms to obtain desirable results.,,No,No,['S']
Automata Data Science Pro (New),https://www.shl.com/products/product-catalog/view/automata-data-science-pro-new/,Automata Data Science Pro (New): A simulated test that measures the ability to analyze and modify data using machine learning algorithms to obtain desirable results.,,No,No,['S']
Automata Front End,https://www.shl.com/products/product-catalog/view/automata-front-end/,"Automata Front End: Simulation based test that measures the front-end development capabilities using HTML, CSS, and  JavaScript. The candidate is provided with 3 different…",30.0,No,No,['S']
Automata Pro (New),https://www.shl.com/products/product-catalog/view/automata-pro-new/,Automata Pro (New): An AI-powered coding simulation assessment that evaluates candidate’s programming ability. Offers a familiar IDE environment available in over 40 different…,,No,No,['S']
Automata Selenium,https://www.shl.com/products/product-catalog/view/automata-selenium/,Automata Selenium: A coding simulation assessment that evaluates the ability to conduct tasks related to automation testing using Selenium scripts.,,No,No,['S']
Automation Anywhere RPA Development (New),https://www.shl.com/products/product-catalog/view/automation-anywhere-rpa-development-new/,"Automation Anywhere RPA Development (New): Multi-choice test that measures the knowledge of Automation Anywhere dash board and task editor, control room, key commands, bots and Automation Anywhere…",,No,No,['K']
Automotive Engineering (New),https://www.shl.com/products/product-catalog/view/automotive-engineering-new/,"Automotive Engineering (New): Multi-choice test that measures the knowledge of auto engine classification, engine fuel system, auto-vehicle technology, maintenance, inspection and…",,No,No,['K']
Basic Biology (New),https://www.shl.com/products/product-catalog/view/basic-biology-new/,Basic Biology (New): Multi choice test that measures the candidate's basic understanding of Biology.,,No,No,['K']
Basic Computer Literacy (Windows 10) (New),https://www.shl.com/products/product-catalog/view/basic-computer-literacy-windows-10-new/,"Basic Computer Literacy (Windows 10) (New): The Basic Computer Literacy (Windows 10) simulation measures knowledge of general computer terminology, processes, and applications and the ability to perform…",,No,No,['SK']
Basic Statistics (New),https://www.shl.com/products/product-catalog/view/basic-statistics-new/,"Basic Statistics (New): Multi-choice test that measures the knowledge of statistical methods, exploratory analysis, basics of probability, standard distributions and statistical…",,No,No,['K']
Biochemistry (New),https://www.shl.com/products/product-catalog/view/biochemistry-new/,"Biochemistry (New): Multi-choice test that measures the knowledge of various bio-molecules like amino acids, proteins, enzymes, carbohydrates, vitamins and nucleic acids, and…",,No,No,['K']
Biotech Lab Techniques (New),https://www.shl.com/products/product-catalog/view/biotech-lab-techniques-new/,"Biotech Lab Techniques (New): Multi-choice test that measures the knowledge of biophysical techniques, bio-processing and separation techniques like chromatography and electrophoresis.",,No,No,['K']
BizTalk (New),https://www.shl.com/products/product-catalog/view/biztalk-new/,"BizTalk (New): Multi-choice test that measures the knowledge of BizTalk architecture, pipelines, adapters, business process techniques and BizTalk administration.",,No,No,['K']
Business Communication (adaptive),https://www.shl.com/products/product-catalog/view/business-communication-adaptive/,Business Communication (adaptive): This is an adaptive test that measures knowledge of communicating in the workplace. It measures the skills necessary to communicate effectively with coworkers…,,No,No,['K']
Business Communications,https://www.shl.com/products/product-catalog/view/business-communications/,Business Communications: This test measures the candidate's knowledge of communicating in the workplace.  It measures the skills necessary to communicate effectively with coworkers at…,,No,No,['K']
C Programming (New),https://www.shl.com/products/product-catalog/view/c-programming-new/,"C Programming (New): Multi-choice test that measures the knowledge of C programming basics, functions, arrays, composed data types, and advanced C concepts like SLF, file handling…",,No,No,['K']
C# Programming (New),https://www.shl.com/products/product-catalog/view/c-programming-new-4039/,"C# Programming (New): Multi-choice test that measures the knowledge of C# programming structure, functions, collections, enumeration, exception handling, OOPs constructs…",,No,No,['K']
C++ Programming (New),https://www.shl.com/products/product-catalog/view/c-programming-new-4122/,C++ Programming (New): Multi-choice test that measures the knowledge of programming in the C++ language and the ability to use the C++ standard library to write code.,,No,No,['K']
Cardiology and Diabetes Management (New),https://www.shl.com/products/product-catalog/view/cardiology-and-diabetes-management-new/,"Cardiology and Diabetes Management (New): Multi-choice test that measures the knowledge of how to control and manage cardiovascular diseases and diabetes, and understanding of the diagnostic tests used…",,No,No,['K']
Ceramic Engineering (New),https://www.shl.com/products/product-catalog/view/ceramic-engineering-new/,"Ceramic Engineering (New): Multi-choice test that measures the knowledge of classification of ceramic materials, production of ceramics and thermodynamics.",,No,No,['K']
Chemical Engineering (New),https://www.shl.com/products/product-catalog/view/chemical-engineering-new/,"Chemical Engineering (New): Multi-choice test that measures the conceptual knowledge of transport phenomena, chemical process engineering and technology, chemical process principles…",,No,No,['K']
Cisco AppDynamics (New),https://www.shl.com/products/product-catalog/view/cisco-appdynamics-new/,"Cisco AppDynamics (New): Multi-choice test that measures the knowledge of application analytics, performance management, and AppDynamics essentials like controller UI, custom…",,No,No,['K']
Civil Engineering (New),https://www.shl.com/products/product-catalog/view/civil-engineering-new/,"Civil Engineering (New): Multi-choice test that measures the knowledge of structural engineering, transportation engineering, surveying, geotechnical engineering and water resources…",,No,No,['K']
Cloud Computing (New),https://www.shl.com/products/product-catalog/view/cloud-computing-new/,"Cloud Computing (New): Multi-choice test that measures the knowledge of cloud computing concepts, cloud service models, virtualization and private clouds.",,No,No,['K']
COBOL Programming (New),https://www.shl.com/products/product-catalog/view/cobol-programming-new/,"COBOL Programming (New): Multi-choice test that measures the knowledge of COBOL programming fundamentals, programming structure and different types of application processing.",,No,No,['K']
Computer Science (New),https://www.shl.com/products/product-catalog/view/computer-science-new/,"Computer Science (New): Multi-choice test that measures the knowledge of operating system, computer architecture, DBMS and basics of computer networks and communication.",,No,No,['K']
Contact Center Call Simulation (New),https://www.shl.com/products/product-catalog/view/contact-center-call-simulation-new/,Contact Center Call Simulation (New): Simulation based test that measures the ability to handle customer concerns over a call by referring to standard process documents. It also measures typing and…,,No,No,['S']
Conversational Multichat Simulation,https://www.shl.com/products/product-catalog/view/conversational-multichat-simulation/,Conversational Multichat Simulation : This is a simulation-based test that measures the ability to handle customer concerns over multiple chats by referring to standard process documents. It…,,No,No,['S']
Core Java (Advanced Level) (New),https://www.shl.com/products/product-catalog/view/core-java-advanced-level-new/,"Core Java (Advanced Level) (New): Multi-choice test that measures the knowledge of basic Java constructs, OOP concepts, files and exception handling, and advanced Java concepts like generics…",,No,No,['K']
Core Java (Entry Level) (New),https://www.shl.com/products/product-catalog/view/core-java-entry-level-new/,"Core Java (Entry Level) (New): Multi-choice test that measures the knowledge of basic Java constructs, OOP concepts, file handling, exception handling, threads, generic class and inner class.",,No,No,['K']
Count Out The Money,https://www.shl.com/products/product-catalog/view/count-out-the-money/,Count Out The Money: The Count out the Money –US test measures a candidate’s money handling ability. This test is designed for entry-level positions where handling money is…,,No,No,['KS']
CSS3 (New),https://www.shl.com/products/product-catalog/view/css3-new/,CSS3 (New): Multi-choice test that measures the knowledge of CSS3 and its application in providing style to web documents.,,No,No,['K']
Culinary Skills (New),https://www.shl.com/products/product-catalog/view/culinary-skills-new/,"Culinary Skills (New): Multi-choice test that measures the knowledge of cooking principles, cooking equipment, meal preparation and presentation, and kitchen safety.",,No,No,['K']
Customer Service Phone Simulation,https://www.shl.com/products/product-catalog/view/customer-service-phone-simulation/,"Customer Service Phone Simulation: As part of Contact Center Simulations, the Customer Service Phone Simulation is designed for entry-level positions in a contact center environment. Sample…",,No,No,['BS']
Customer Service Phone Solution,https://www.shl.com/products/product-catalog/view/customer-service-phone-solution/,"Customer Service Phone Solution: As part of Contact Center Simulations, the Customer Service Phone Solution includes a contact center simulation and two behavioral tests designed to measure a…",,No,No,['BPS']
Cyber Risk (New),https://www.shl.com/products/product-catalog/view/cyber-risk-new/,"Cyber Risk (New): Multi-choice test that measures the knowledge of cyber risk management, system and application security, network security and security management.",,No,No,['K']
Data Entry (New),https://www.shl.com/products/product-catalog/view/data-entry-new/,Data Entry (New): Simulated data entry test that measures the ability to accurately transcribe data from pre-filled forms and the ability to verify pre-filled data.,,No,No,['S']
Data Entry Alphanumeric Split Screen - US,https://www.shl.com/products/product-catalog/view/data-entry-alphanumeric-split-screen-us/,Data Entry Alphanumeric Split Screen - US: The Data Entry Alphanumeric Split Screen - US assessment measures speed and accuracy at typing text and numbers into forms. The information includes…,,No,No,['K']
Data Entry Numeric Split Screen - US,https://www.shl.com/products/product-catalog/view/data-entry-numeric-split-screen-us/,Data Entry Numeric Split Screen - US: The Data Entry Numeric Split Screen - US assessment measures speed and accuracy at typing numbers into forms. The information candidates must enter includes…,,No,No,['K']
Data Entry Ten Key Split Screen,https://www.shl.com/products/product-catalog/view/data-entry-ten-key-split-screen/,Data Entry Ten Key Split Screen: Data Entry Ten Key Split Screen assessment measures ability to enter numbers using a numeric keypad. The test measures accuracy and speed.,,No,No,['K']
Data Science (New),https://www.shl.com/products/product-catalog/view/data-science-new/,"Data Science (New): Multi-choice test that measures the conceptual knowledge on how to use machine learning to analyze data, extract information, draw conclusions and make…",,No,No,['K']
Data Warehousing Concepts,https://www.shl.com/products/product-catalog/view/data-warehousing-concepts/,"Data Warehousing Concepts: The Data Warehousing Concepts test measures knowledge of Data Warehousing. Designed for experienced users, this test covers the following topics: Big Data and…",,No,No,['K']
Dependability and Safety Instrument (DSI),https://www.shl.com/products/product-catalog/view/dependability-and-safety-instrument-dsi/,Dependability and Safety Instrument (DSI): The DSI is a short pre-screening tool for many key entry-level roles. It is designed to identify potential employees who will have good dependability and…,,No,No,['P']
Dermatology (New),https://www.shl.com/products/product-catalog/view/dermatology-new/,"Dermatology (New): Multi-choice test that measures the knowledge of various diseases related to skin, their symptoms, the drugs used to treat them, and different terminologies…",,No,No,['K']
Desktop Support (New),https://www.shl.com/products/product-catalog/view/desktop-support-new/,"Desktop Support (New): Multi-choice test that measures the knowledge of networking, peripheral components, operating systems, troubleshooting and providing technical support.",,No,No,['K']
Digital Advertising (New),https://www.shl.com/products/product-catalog/view/digital-advertising-new/,Digital Advertising (New): Multi-choice test that measures the candidate's knowledge about use of AdWords and tools to analyze ad performance on digital media.,,No,No,['K']
Digital Readiness Development Report - IC,https://www.shl.com/products/product-catalog/view/digital-readiness-development-report/,Digital Readiness Development Report - IC: This participant-oriented report is aimed at individual contributors (non-managerial) and summarizes the way that they have described their typical style at…,,No,No,['P']
Digital Readiness Development Report - Manager,https://www.shl.com/products/product-catalog/view/digital-readiness-development-report-manager/,Digital Readiness Development Report - Manager: This participant-oriented report is aimed employees with management responsibilities and summarizes the way that they have described their typical style at…,,No,No,['P']
Docker (New),https://www.shl.com/products/product-catalog/view/docker-new/,"Docker (New): Multi-choice test that measures the knowledge of Docker container, data management, Docker performance and swarm.",,No,No,['K']
Dojo (New),https://www.shl.com/products/product-catalog/view/dojo-new/,"Dojo (New): Multi-choice test that measures the knowledge of Dojo architecture, classes and libraries, styles, animation and Dojo queries.",,No,No,['K']
Drupal (New),https://www.shl.com/products/product-catalog/view/drupal-new/,"Drupal (New): Multi-choice test that measures the knowledge of Drupal setup, content management, user interface, module development and security.",,No,No,['K']
DSI v1.1 Interpretation Report,https://www.shl.com/products/product-catalog/view/dsi-v1-1-interpretation-report/,DSI v1.1 Interpretation Report: DSI v1.1 Interpretation Report,,No,No,['P']
Econometrics (New),https://www.shl.com/products/product-catalog/view/econometrics-new/,"Econometrics (New): Multi-choice test that measures the knowledge of statistical concepts, exploratory analysis and statistical testing required to analyze economic data.",,No,No,['K']
Economics (New),https://www.shl.com/products/product-catalog/view/economics-new/,"Economics (New): Multi-choice test that measures the conceptual knowledge of microeconomics, macroeconomics and international trade.",,No,No,['K']
Electrical and Electronics Engineering (New),https://www.shl.com/products/product-catalog/view/electrical-and-electronics-engineering-new/,"Electrical and Electronics Engineering (New): Multi-choice test that measures the candidate’s knowledge and understanding on fundamentals of electrical engineering, instrumentation and control system and…",,No,No,['K']
Electrical Engineering (New),https://www.shl.com/products/product-catalog/view/electrical-engineering-new/,"Electrical Engineering (New): Multi-choice test that measures the knowledge of basic electrical engineering, electrical machines, power systems, instrumentation, control systems and basic…",,No,No,['K']
Electronics & Telecommunications Engineering (New),https://www.shl.com/products/product-catalog/view/electronics-and-telecommunications-engineering-new/,"Electronics & Telecommunications Engineering (New): Multi-choice test that measures the candidate’s knowledge and understanding on semiconductors and semiconductor devices, analog and digital electronics…",,No,No,['K']
Electronics and Embedded Systems Engineering (New),https://www.shl.com/products/product-catalog/view/electronics-and-embedded-systems-engineering-new/,"Electronics and Embedded Systems Engineering (New): Multi-choice test that measures the candidate’s knowledge and understanding on concepts like embedded systems and, analog and digital electronics.",,No,No,['K']
Electronics and Semiconductor Engineering (New),https://www.shl.com/products/product-catalog/view/electronics-and-semiconductor-engineering-new/,"Electronics and Semiconductor Engineering (New): Multi-choice test that measures the knowledge of semiconductors, two terminal and three terminal devices, analog electronics, digital electronics and basics of…",,No,No,['K']
English Comprehension (New),https://www.shl.com/products/product-catalog/view/english-comprehension-new/,"English Comprehension (New): Multiple-choice test that measures vocabulary, grammar and reading comprehension skills.",,No,No,['K']
Enterprise Java Beans (New),https://www.shl.com/products/product-catalog/view/enterprise-java-beans-new/,"Enterprise Java Beans (New): Multi-choice test that measures the knowledge of enterprise Java beans (EJB), types of EJB, transactions and concurrency.",,No,No,['K']
Enterprise Leadership Report 1.0,https://www.shl.com/products/product-catalog/view/enterprise-leadership-report/,Enterprise Leadership Report 1.0: Assess and benchmark your leaders against enterprise leadership - the model for leader impact to drive business results in a complex work environment.  For…,,No,No,['P']
Enterprise Leadership Report 2.0,https://www.shl.com/products/product-catalog/view/enterprise-leadership-report-2-0/,Enterprise Leadership Report 2.0: Assess and benchmark your leaders against enterprise leadership - the model for leader impact to drive business results in a complex work environment.  For…,,No,No,['P']
Entry Level Cashier Solution,https://www.shl.com/products/product-catalog/view/entry-level-cashier-solution/,"Entry Level Cashier Solution: The Precise Fit Entry Level Cashier Solution is for entry-level retail positions in which employees receive payment in the form of cash, check, or credit cards…",,No,No,['CP']
Entry Level Customer Serv-Retail & Contact Center,https://www.shl.com/products/product-catalog/view/entry-level-customer-serv-retail-and-contact-center/,Entry Level Customer Serv-Retail & Contact Center: The Precise Fit Entry Level Customer Service Solution (Retail/Contact Center) is for entry-level positions in which employees interact with customers by…,,No,No,['PC']
Entry Level Customer Service (General) Solution,https://www.shl.com/products/product-catalog/view/entry-level-customer-service-general-solution/,Entry Level Customer Service (General) Solution: The Precise Fit Entry Level Customer Service Solution (General) is for a wide range of entry-level positions where employees are expected to interact with…,,No,No,['CP']
Entry Level Hotel Front Desk Solution,https://www.shl.com/products/product-catalog/view/entry-level-hotel-front-desk-solution/,Entry Level Hotel Front Desk Solution: The Precise Fit Entry Level Hotel Front Desk Solution is for entry-level customer service positions in the hospitality industry. The solution is appropriate…,,No,No,['CP']
Entry Level Sales Solution,https://www.shl.com/products/product-catalog/view/entry-level-sales-solution/,Entry Level Sales Solution: The Precise Fit Entry Level Sales Roles Solution is for entry-level positions in which employees proactively sell products or services to customers and have…,,No,No,['CP']
Entry Level Technical Support Solution,https://www.shl.com/products/product-catalog/view/entry-level-technical-support-solution/,Entry Level Technical Support Solution: The Precise Fit Entry Level Technical Support Solution is for entry-level positions in which employees provide technical assistance to computer users in a…,,No,No,['PC']
ETL Testing (New),https://www.shl.com/products/product-catalog/view/etl-testing-new/,"ETL Testing (New): Multi-choice test that measures the knowledge of ETL architecture, data warehousing, dimensions, DBMS concepts like data manipulation, constraints, ETL testing…",,No,No,['K']
Executive Scenarios,https://www.shl.com/products/product-catalog/view/executive-scenarios/,Executive Scenarios: Executive Scenarios is a unique test of Managerial Judgement - an individual’s ability to decide on effective ways of handling real life situations. It is…,,No,No,['B']
Executive Scenarios Narrative Report,https://www.shl.com/products/product-catalog/view/executive-scenarios-narrative-report/,Executive Scenarios Narrative Report: Executive Scenarios is a unique test of Managerial Judgement - an individual’s ability to decide on effective ways of handling real life situations. It is…,,No,No,['B']
Executive Scenarios Profile Report,https://www.shl.com/products/product-catalog/view/executive-scenarios-profile-report/,Executive Scenarios Profile Report: Executive Scenarios is a unique test of Managerial Judgement - an individual’s ability to decide on effective ways of handling real life situations. It is…,,No,No,['B']
ExpressJS (New),https://www.shl.com/products/product-catalog/view/expressjs-new/,"ExpressJS (New): Multi-choice test that measures the knowledge of routing, error handling, security, middleware and performance & reliability in ExpressJS.",,No,No,['K']
Filing - Names (R1),https://www.shl.com/products/product-catalog/view/filing-names-r1/,Filing - Names (R1): This test measures ability to sort names in alphabetical order. Test takers are shown a graphical display of four folder tabs -- three contain alphabetized…,,No,No,['K']
Filing - Numbers,https://www.shl.com/products/product-catalog/view/filing-numbers/,Filing - Numbers: This test measures ability to sort items in numerical order. Test takers are shown a graphical display of four folder tabs -- three contain numbers and one is…,,No,No,['K']
Financial Accounting (New),https://www.shl.com/products/product-catalog/view/financial-accounting-new/,"Financial Accounting (New): Multi-choice test that measures the ability to post journal entries, classify items into assets and liabilities, analyze financial statements and calculate…",,No,No,['K']
Financial and Banking Services (New),https://www.shl.com/products/product-catalog/view/financial-and-banking-services-new/,"Financial and Banking Services (New): Multi-choice test that measures the knowledge of investment products, banking products, taxation and principles of Macroeconomics.",,No,No,['K']
Fire Engineering (New),https://www.shl.com/products/product-catalog/view/fire-engineering-new/,"Fire Engineering (New): Multi-choice test that measures the knowledge of fire engineering principles, basic workplace safety and safety management.",,No,No,['K']
Following Instructions v1 - UK (R1),https://www.shl.com/products/product-catalog/view/following-instructions-v1-uk-r1/,Following Instructions v1 - UK (R1): This test measures a candidate's ability to follow detailed instructions and then select the correct course of action. Candidates are presented with a set of…,,No,No,['K']
Following Instructions v1 - US (R2),https://www.shl.com/products/product-catalog/view/following-instructions-v1-us-r2/,Following Instructions v1 - US (R2): This test measures a candidate's ability to follow detailed instructions and then select the correct course of action. Test takers are presented with a set of…,,No,No,['K']
Food and Beverage Services (New),https://www.shl.com/products/product-catalog/view/food-and-beverage-services-new/,"Food and Beverage Services (New): Multi-choice test that measures the knowledge of meal planning, service preparation, types of service equipment, and types of beverages.",,No,No,['K']
Food Science (New),https://www.shl.com/products/product-catalog/view/food-science-new/,"Food Science (New): Multi-choice test that measures the knowledge of food chemistry, nutrition, food microbiology, food engineering and food product technology.",,No,No,['K']
Front Office Management (New),https://www.shl.com/products/product-catalog/view/front-office-management-new/,Front Office Management (New): Multi-choice test that measures the knowledge of front office operations.,,No,No,['K']
Fundamentals of Chemistry (New),https://www.shl.com/products/product-catalog/view/fundamentals-of-chemistry-new/,"Fundamentals of Chemistry (New): Multi-choice test that measures the knowledge of physical chemistry, inorganic chemistry and organic chemistry.",,No,No,['K']
Fundamentals of Physics (New),https://www.shl.com/products/product-catalog/view/fundamentals-of-physics-new/,"Fundamentals of Physics (New): Multi-choice test that measures the knowledge of classical mechanics, Newton's laws of motion, electromagnetism, EM waves, thermodynamics and modern physics.",,No,No,['K']
General Diseases (New),https://www.shl.com/products/product-catalog/view/general-diseases-new/,"General Diseases (New): Multi-choice test that measures the knowledge of common diseases of ear, nose, throat and teeth, their symptoms, drugs used to treat them and various drugs…",,No,No,['K']
Geoinformatics Engineering (New),https://www.shl.com/products/product-catalog/view/geoinformatics-engineering-new/,"Geoinformatics Engineering (New): Multi-choice test that measures the knowledge of remote sensing, digital image processing, digital photogrammetry, planning and surveying, geology, GIS and…",,No,No,['K']
Geoscience Engineering (New),https://www.shl.com/products/product-catalog/view/geoscience-engineering-new/,"Geoscience Engineering (New): Multi-choice test that measures the knowledge of exploration geology, soil mechanics, rock mechanics, geophysical investigation, geological surveying.",,No,No,['K']
GIT (New),https://www.shl.com/products/product-catalog/view/git-new/,GIT (New): Multi-choice test that measures the knowledge of how to use GIT for version control.,,No,No,['K']
Global Skills Assessment,https://www.shl.com/products/product-catalog/view/global-skills-assessment/,Global Skills Assessment: The Global Skills Assessment (GSA) is an assessment used to measure 96 discrete skills/behaviors. These 96 skill scores are directly aligned to the most…,,No,No,['CK']
Graduate Scenarios,https://www.shl.com/products/product-catalog/view/graduate-scenarios/,Graduate Scenarios: Graduate Scenarios is a unique test of Managerial Judgement - an individual’s ability to decide on effective ways of handling real life situations. It is…,,No,No,['B']
Graduate Scenarios Narrative Report,https://www.shl.com/products/product-catalog/view/graduate-scenarios-narrative-report/,Graduate Scenarios Narrative Report: Graduate Scenarios is a unique test of Managerial Judgement - an individual’s ability to decide on effective ways of handling real life situations. It is…,,No,No,['B']
Graduate Scenarios Profile Report,https://www.shl.com/products/product-catalog/view/graduate-scenarios-profile-report/,Graduate Scenarios Profile Report: Graduate Scenarios is a unique test of Managerial Judgement - an individual’s ability to decide on effective ways of handling real life situations. It is…,,No,No,['B']
Hibernate (New),https://www.shl.com/products/product-catalog/view/hibernate-new/,"Hibernate (New): Multi-choice test that measures the knowledge of Hibernate architecture, Hibernate mapping and Hibernate query language(HQL).",,No,No,['K']
HIPAA (Security),https://www.shl.com/products/product-catalog/view/hipaa-security/,HIPAA (Security): The HIPAA (Security) test measures knowledge of compliance with the standards required by the Security and Electronic Signature Standards as they apply to…,,No,No,['K']
HiPo Assessment Report 1.0,https://www.shl.com/products/product-catalog/view/hipo-assessment-report-1-0/,"HiPo Assessment Report 1.0: Part of SHL’s High Potential solution and developed from SHL’s extensive research into high-potential programs, the HIPO Assessment Report 1.0 helps…",,No,No,['CP']
HiPo Assessment Report 2.0,https://www.shl.com/products/product-catalog/view/hipo-assessment-report-2-0/,"HiPo Assessment Report 2.0: Part of SHL’s High Potential solution and developed from SHL’s extensive research into high-potential programs, the HIPO Assessment Report 2.0 helps…",,No,No,['CP']
HiPo Unlocking Potential Report 2.0,https://www.shl.com/products/product-catalog/view/hipo-unlocking-potential-report-2-0/,"HiPo Unlocking Potential Report 2.0: This report draws insights from the Occupational Personality QuestionnaireTM (OPQ32). Used for individuals who are selected into a client’s HiPo program, it…",,No,No,['C']
Housekeeping (New),https://www.shl.com/products/product-catalog/view/housekeeping-new/,"Housekeeping (New): Multi-choice test that measures the knowledge of housekeeping activities such as cleaning, laundry, room maintenance and routine checks.",,No,No,['K']
HTML/CSS (New),https://www.shl.com/products/product-catalog/view/htmlcss-new/,HTML/CSS (New): Multi-choice test that measures the knowledge of HTML to create a user interface and CSS to stylize it.,,No,No,['K']
HTML5 (New),https://www.shl.com/products/product-catalog/view/html5-new/,HTML5 (New): Multi-choice test that measures the knowledge of HTML5 and its application in creating a user interface.,,No,No,['K']
Human Resources (New),https://www.shl.com/products/product-catalog/view/human-resources-new/,Human Resources (New): Multi-choice test that measures the candidate on his/her knowledge and understanding of the basic concepts of Human Resources Management like planning…,,No,No,['K']
IBM DataStage (New),https://www.shl.com/products/product-catalog/view/ibm-datastage-new/,"IBM DataStage (New): Multi-choice test that measures the knowledge on the concepts of Data Warehouse fundamentals, DataStage fundamentals, DataStage stages and, DataStage Designer…",,No,No,['K']
IBM Sterling Order Management System (New),https://www.shl.com/products/product-catalog/view/ibm-sterling-order-management-system-new/,"IBM Sterling Order Management System (New): Multi-choice test that measures the knowledge of the basic concepts of Sterling Order Management System installation, modeling, extensibility, inventory…",,No,No,['K']
Industrial Engineering (New),https://www.shl.com/products/product-catalog/view/industrial-engineering-new/,"Industrial Engineering (New): Multi-choice test that measures the conceptual knowledge of design, quality control, reliability, management and costing of manufacturing systems.",,No,No,['K']
Informatica (Architecture) (New),https://www.shl.com/products/product-catalog/view/informatica-architecture-new/,"Informatica (Architecture) (New): Multi-choice test that measures the knowledge of data warehousing, server architecture and administration, and real time implementation with Informatica.",,No,No,['K']
Informatica (Developer) (New),https://www.shl.com/products/product-catalog/view/informatica-developer-new/,"Informatica (Developer) (New): Multi-choice test that measures the knowledge of data warehousing, server architecture and administration, and real time implementation with Informatica.",,No,No,['K']
Instrumentation Engineering (New),https://www.shl.com/products/product-catalog/view/instrumentation-engineering-new/,"Instrumentation Engineering (New): Multi-choice test that measures the conceptual knowledge of instrumentation, electronics, signals and communication systems.",,No,No,['K']
Interpersonal Communications,https://www.shl.com/products/product-catalog/view/interpersonal-communications/,Interpersonal Communications: This adaptive test measures the candidate's knowledge of how to employ effective verbal and non-verbal communication to send his or her message and manage…,,No,No,['K']
Interviewing and Hiring Concepts (U.S.),https://www.shl.com/products/product-catalog/view/interviewing-and-hiring-concepts-u-s/,Interviewing and Hiring Concepts (U.S.): The Interviewing and Hiring Concepts (U.S.) test measures knowledge of the interviewing  and hiring process. Designed for all employees and hiring managers…,,No,No,['K']
iOS Development (New),https://www.shl.com/products/product-catalog/view/ios-development-new/,"iOS Development (New): Multi-choice test that measures the knowledge of Objective C, NSObject, iOS fundamentals and UI design on iOS phones.",,No,No,['K']
ITIL (IT Infrastructure Library) (New),https://www.shl.com/products/product-catalog/view/itil-it-infrastructure-library-new/,"ITIL (IT Infrastructure Library) (New): Multi-choice test that measures the knowledge of capacity management, change management and problem management.",,No,No,['K']
Java 2 Platform Enterprise Edition 1.4 Fundamental,https://www.shl.com/products/product-catalog/view/java-2-platform-enterprise-edition-1-4-fundamental/,"Java 2 Platform Enterprise Edition 1.4 Fundamental: The Java 2 Platform Enterprise Edition (J2EE) 1.4 Fundamentals test measures knowledge of basic J2EE 1.4 Fundamentals. Designed for entry-level users, this…",,No,No,['K']
Java 8 (New),https://www.shl.com/products/product-catalog/view/java-8-new/,"Java 8 (New): Multi-choice test that measures the knowledge of Java class design, exceptions, generics, collections, concurrency, JDBC and Java I/O fundamentals.",,No,No,['K']
Java Design Patterns (New),https://www.shl.com/products/product-catalog/view/java-design-patterns-new/,Java Design Patterns (New): Multi-choice test that measures the knowledge of the types of design patterns in Java and principles like threads and refactoring used in Java design patterns.,,No,No,['K']
Java Frameworks (New),https://www.shl.com/products/product-catalog/view/java-frameworks-new/,"Java Frameworks (New): Multi-choice test that measures the knowledge of different Java frameworks - Struts, Hibernate and Spring.",,No,No,['K']
Java Platform Enterprise Edition 7 (Java EE 7),https://www.shl.com/products/product-catalog/view/java-platform-enterprise-edition-7-java-ee-7/,"Java Platform Enterprise Edition 7 (Java EE 7): The Java Platform Enterprise Edition 7 (Java EE 7) test measures knowledge of the Java EE 7 architecture. Designed for Java programmers and architects, this…",,No,No,['K']
Java Web Services (New),https://www.shl.com/products/product-catalog/view/java-web-services-new/,"Java Web Services (New): Multi-choice test that measures the knowledge of basic Java constructs, OOP concepts, file handling, exception handling, threads, generics and inner class.",,No,No,['K']
JavaScript (New),https://www.shl.com/products/product-catalog/view/javascript-new/,JavaScript (New): Multi-choice test that measures knowledge of programming in the JavaScript language and its application in front-end development.,,No,No,['K']
Jenkins (New),https://www.shl.com/products/product-catalog/view/jenkins-new/,"Jenkins (New): Multi-choice test that measures the knowledge of Jenkins configuration and deployment, plugins, nodes, build jobs and testing.",,No,No,['K']
Job Control Language (New),https://www.shl.com/products/product-catalog/view/job-control-language-new/,"Job Control Language (New): Multi-choice test that measures the knowledge of JCL libraries, parameters, statements, datasets, generation of data groups and conditional processing.",,No,No,['K']
jQuery (New),https://www.shl.com/products/product-catalog/view/jquery-new/,"jQuery (New): Multi-choice test that measures the knowledge of jQuery events and effects, jQuery animation, UI, references, and using jQuery with AJAX.",,No,No,['K']
Kubernetes (New),https://www.shl.com/products/product-catalog/view/kubernetes-new/,"Kubernetes (New): Multi-choice test that measures the knowledge of the architecture, cluster and services of Kubernetes.",,No,No,['K']
Linux Administration (New),https://www.shl.com/products/product-catalog/view/linux-administration-new/,Linux Administration (New): Multi-choice test that measures knowledge of the Linux operating system and its application in system administration and network administration.,,No,No,['K']
Linux Operating System,https://www.shl.com/products/product-catalog/view/linux-operating-system/,"Linux Operating System : Multi-choice test that measures the knowledge of Linux system, command line, filesystem, memory management, and process management.",,No,No,['K']
Linux Programming (General),https://www.shl.com/products/product-catalog/view/linux-programming-general/,"Linux Programming (General): The Linux Programming (General) test measures knowledge of programming in a Linux environment. Designed for experienced programmers, this test covers the…",,No,No,['K']
Load Runner (New),https://www.shl.com/products/product-catalog/view/load-runner-new/,"Load Runner (New): Multi-choice test that measures the knowledge on the concepts of Load Runner architecture & installation, virtual user generator (VUGEN), controller…",,No,No,['K']
Management Scenarios,https://www.shl.com/products/product-catalog/view/management-scenarios/,Management Scenarios: Managerial Scenarios is a unique test of Managerial Judgement - an individual’s ability to decide on effective ways of handling real life situations. It…,,No,No,['B']
Managerial Scenarios Candidate Report,https://www.shl.com/products/product-catalog/view/managerial-scenarios-candidate-report/,Managerial Scenarios Candidate Report: Managerial Scenarios is a unique test of Managerial Judgement - an individual’s ability to decide on effective ways of handling real life situations. It…,,No,No,['B']
Managerial Scenarios Narrative Report,https://www.shl.com/products/product-catalog/view/managerial-scenarios-narrative-report/,Managerial Scenarios Narrative Report: Managerial Scenarios is a unique test of Managerial Judgement - an individual’s ability to decide on effective ways of handling real life situations. It…,,No,No,['B']
Managerial Scenarios Profile Report,https://www.shl.com/products/product-catalog/view/managerial-scenarios-profile-report/,Managerial Scenarios Profile Report: Managerial Scenarios is a unique test of Managerial Judgement - an individual’s ability to decide on effective ways of handling real life situations. It…,,No,No,['B']
Manual Testing (New),https://www.shl.com/products/product-catalog/view/manual-testing-new/,"Manual Testing (New): Multi-choice test that measures the knowledge of the software testing life cycle, testing tools and techniques, design of test cases and generation of test…",,No,No,['K']
Manufac. & Indust. - Mechanical & Vigilance 8.0,https://www.shl.com/products/product-catalog/view/mechanical-and-vigilance-focus-8-0/,Manufac. & Indust. - Mechanical & Vigilance 8.0: The Manufacturing & Industrial Mechanical & Vigilance Focus 8.0 Job-Focused Assessment   measures the behaviors that underlie successful and safe performance…,,No,No,['AP']
Manufac. & Indust. - Safety & Dependability 8.0,https://www.shl.com/products/product-catalog/view/safety-and-dependability-focus-8-0/,Manufac. & Indust. - Safety & Dependability 8.0: The Manufacturing & Industrial Safety & Dependability Focus 8.0 Job-Focused Assessment   measures the behaviors that underlie safe performance in a work…,,No,No,['P']
Manufacturing & Industrial - Essential Focus 8.0,https://www.shl.com/products/product-catalog/view/essential-focus-8-0/,Manufacturing & Industrial - Essential Focus 8.0: The Manufacturing & Industrial Essential 8.0 Job-Focused Assessment measures the behaviors   that underlie successful and safe performance in an…,,No,No,['P']
Manufacturing & Industrial - Mechanical Focus 8.0,https://www.shl.com/products/product-catalog/view/mechanical-focus-8-0/,Manufacturing & Industrial - Mechanical Focus 8.0: The Manufacturing & Industrial Mechanical Focus 8.0 Job-Focused Assessment measures the   behaviors that underlie successful and safe performance in an…,,No,No,['AP']
Manufacturing & Industrial - Vigilance Focus 8.0,https://www.shl.com/products/product-catalog/view/vigilance-focus-8-0/,Manufacturing & Industrial - Vigilance Focus 8.0: The Manufacturing and Industrial Vigilance Focus 8.0 Job-Focused Assessment measures the   behaviors that underlie successful and safe performance in an…,,No,No,['AP']
Marketing (New),https://www.shl.com/products/product-catalog/view/marketing-new/,"Marketing (New): Multi-choice test that measures the conceptual knowledge of marketing principles, market research, consumer behavior, brand management, sales management…",,No,No,['K']
Maven (New),https://www.shl.com/products/product-catalog/view/maven-new/,"Maven (New): Multi-choice test that measures the knowledge of Maven installation, dependencies, Project Object Model (POM), builds and plugins.",,No,No,['K']
Mechanical Engineering (New),https://www.shl.com/products/product-catalog/view/mechanical-engineering-new/,"Mechanical Engineering (New): Multi-choice test that measures the conceptual knowledge of fluid and machine mechanics, thermodynamics, IC engines and manufacturing science.",,No,No,['K']
Mechatronics Engineering (New),https://www.shl.com/products/product-catalog/view/mechatronics-engineering-new/,"Mechatronics Engineering (New): Multi-choice test that measures the knowledge related to basic mechatronics systems, components, sensors, feedback devices, control elements, actuators…",,No,No,['K']
Medical Terminology (New),https://www.shl.com/products/product-catalog/view/medical-terminology-new/,"Medical Terminology (New): Multi-choice test that measures the knowledge of different medical terms and abbreviations related to the human body, diseases and diagnosis.",,No,No,['K']
Metallurgical Engineering (New),https://www.shl.com/products/product-catalog/view/metallurgical-engineering-new/,"Metallurgical Engineering (New): Multi-choice test that measures the knowledge of process metallurgy, industrial metallurgy and physical metallurgy.",,No,No,['K']
MFS 360 Enterprise Leadership Report,https://www.shl.com/products/product-catalog/view/mfs-360-enterprise-leadership-report/,"MFS 360 Enterprise Leadership Report: The layout of this report follows the standard MFS 360 report but this is based on the Enterprise Leadership competency model, not the UCF model. The report…",,No,No,['D']
MFS 360 UCF Group Report,https://www.shl.com/products/product-catalog/view/mfs-360-ucf-group-report/,MFS 360 UCF Group Report: This report follows the standard layout of the 360 report but incorporates the average scores for a group of participants. The report can be generated for all…,,No,No,['D']
MFS 360 UCF Performance Potential Dev Tips Report,https://www.shl.com/products/product-catalog/view/mfs-360-ucf-performance-potential-dev-tips-report/,MFS 360 UCF Performance Potential Dev Tips Report: This report is more or less identical to the standard MFS report but with an additional section that looks at the performance versus the potential and plots…,,No,No,['D']
MFS 360 UCF Standard Report,https://www.shl.com/products/product-catalog/view/mfs-360-ucf-standard-report/,MFS 360 UCF Standard Report: This is the default MFS report. It is based on the UCF20 competency model. The report will only show those scales that were selected as part of the…,,No,No,['D']
Micro Focus Unified Functional Testing (New),https://www.shl.com/products/product-catalog/view/micro-focus-unified-functional-testing-new/,Micro Focus Unified Functional Testing (New): Multi-choice test that measures the knowledge of automation testing using the QTP tool.,,No,No,['K']
Microservices (New),https://www.shl.com/products/product-catalog/view/microservices-new/,"Microservices (New): Multi-choice test that measures the knowledge of Microservices architecture, SOA, and Microservices patterns.",,No,No,['K']
Microsoft Dynamics Development (New),https://www.shl.com/products/product-catalog/view/microsoft-dynamics-development-new/,"Microsoft Dynamics Development (New): Multi-choice test that measures the knowledge of Microsoft Dynamics installation, sales process, service management, administration, configuration, entity…",,No,No,['K']
Microsoft Excel 365 - Essentials (New),https://www.shl.com/products/product-catalog/view/microsoft-excel-365-essentials-new/,"Microsoft Excel 365 - Essentials (New): The Microsoft Excel 365 - Essentials simulation evaluates ability to perform certain operations in a simulated environment of MS Excel, and includes the…",,No,No,['KS']
Microsoft Excel 365 (New),https://www.shl.com/products/product-catalog/view/microsoft-excel-365-new/,"Microsoft Excel 365 (New): The Microsoft Excel 365 simulation evaluates ability to perform certain operations in a simulated environment of MS Excel, and includes the following topics…",,No,No,['KS']
Microsoft Outlook 2013 (adaptive),https://www.shl.com/products/product-catalog/view/microsoft-outlook-2013-adaptive/,"Microsoft Outlook 2013 (adaptive): The Microsoft Outlook 2013 (adaptive) test measures knowledge of Microsoft Outlook 2013. Designed for professionals, this test includes the following topics…",,No,No,['K']
Microsoft PowerPoint 365 - Essentials (New),https://www.shl.com/products/product-catalog/view/microsoft-powerpoint-365-essentials-new/,"Microsoft PowerPoint 365 - Essentials (New): The Microsoft PowerPoint 365 - Essentials simulation evaluates ability to perform certain operations in a simulated environment of Microsoft PowerPoint, and…",,No,No,['KS']
Microsoft SQL Server 2014 Programming,https://www.shl.com/products/product-catalog/view/microsoft-sql-server-2014-programming/,Microsoft SQL Server 2014 Programming: The Microsoft SQL Server 2014 Programming test measures knowledge of Microsoft Structure Query Language (SQL) Server 2014 Programming. Designed for experienced…,,No,No,['K']
Microsoft Windows Server 2012 Administration,https://www.shl.com/products/product-catalog/view/microsoft-windows-server-2012-administration/,Microsoft Windows Server 2012 Administration: The Microsoft Windows Server 2012 Administration test measures knowledge of Windows Server Administration. Designed for experienced Network Administrators…,,No,No,['K']
Microsoft Word 365 - Essentials (New),https://www.shl.com/products/product-catalog/view/microsoft-word-365-essentials-new/,"Microsoft Word 365 - Essentials (New): The Microsoft Word 365 - Essentials simulation evaluates ability to perform certain operations in a simulated environment of Microsoft Word, and includes the…",,No,No,['KS']
Microsoft Word 365 (New),https://www.shl.com/products/product-catalog/view/microsoft-word-365-new/,"Microsoft Word 365 (New): The Microsoft Word 365 simulation evaluates ability to perform certain operations in a simulated environment of Microsoft Word, and includes the following…",,No,No,['SK']
Mineral Engineering (New),https://www.shl.com/products/product-catalog/view/mineral-engineering-new/,"Mineral Engineering (New): Multi-choice test that measures the knowledge of comminution and classification, physical separation process, particle technology, metallurgical…",,No,No,['K']
Mining Engineering (New),https://www.shl.com/products/product-catalog/view/mining-engineering-new/,"Mining Engineering (New): Multi-choice test that measures the knowledge of mining methods, mineral processing, mining machinery, mineralogy, petrology and stratigraphy.",,No,No,['K']
Mobility (New),https://www.shl.com/products/product-catalog/view/mobility-new/,Mobility (New): Multi-choice test that measures the knowledge on topics related to mobility and mobile computing.,,No,No,['K']
Molecular Biology (New),https://www.shl.com/products/product-catalog/view/molecular-biology-new/,"Molecular Biology (New): Multi-choice test that measures the knowledge of molecular genetics, transgenics, rDNA technology, chromosomal genetics, transformation and related processes.",,No,No,['K']
MongoDB (New),https://www.shl.com/products/product-catalog/view/mongodb-new/,"MongoDB (New): Multi-choice test that measures the conceptual knowledge of MongoDB like sharding, replication, indexing, security and storage. It also checks the knowledge of…",,No,No,['K']
Motivation Questionnaire MQM5,https://www.shl.com/products/product-catalog/view/motivation-questionnaire-mqm5/,"Motivation Questionnaire MQM5: By understanding what motivates their staff, managers can unlock each individual’s full potential and direct their energies more constructively. This…",,No,No,['P']
MQ Candidate Motivation Report,https://www.shl.com/products/product-catalog/view/mq-candidate-motivation-report/,MQ Candidate Motivation Report: The Candidate Motivation Report is designed as a feedback report for the individual. It provides an in-depth and easy-to-understand evaluation of an…,,No,No,['P']
MQ Employee Motivation Report,https://www.shl.com/products/product-catalog/view/mq-employee-motivation-report/,"MQ Employee Motivation Report: The MQ Employee Motivation Report is ideal for use by line managers and those concerned with employee’s performance and well being, the Employee Motivation…",,No,No,['P']
MQ Motivation Report Pack,https://www.shl.com/products/product-catalog/view/mq-motivation-report-pack/,"MQ Motivation Report Pack: The MQ Report pack consists of the Profile Chart, Employee Motivation Report and the Candidate Report and is a cost effective way of ensuring that your…",,No,No,['P']
MQ Profile,https://www.shl.com/products/product-catalog/view/mq-profile/,MQ Profile: The profile chart is the Sten score graphical output of the MQ. It clearly shows the individual’s motivational drivers compared to the selected norm group as…,,No,No,['P']
MS Access (New),https://www.shl.com/products/product-catalog/view/ms-access-new/,MS Access (New): Multi-choice test that measures the knowledge and basic understanding of MS Access programming.,,No,No,['K']
MS Excel (New),https://www.shl.com/products/product-catalog/view/ms-excel-new/,"MS Excel (New): Multi-choice test that measures the ability to use MS Excel to maintain, organize, analyze and present numeric data.",,No,No,['K']
MS Office Basic Computer Literacy (New),https://www.shl.com/products/product-catalog/view/ms-office-basic-computer-literacy-new/,"MS Office Basic Computer Literacy (New): Multi-choice test that measures the ability to use MS Word, MS Excel and MS PowerPoint to perform basic tasks on a computer.",,No,No,['K']
MS Office Basic Computer Literacy (Sim) (New),https://www.shl.com/products/product-catalog/view/ms-office-basic-computer-literacy-sim-new/,"MS Office Basic Computer Literacy (Sim) (New): Simulation based test that measures the ability to use basic computer operations, browser navigation, MS office and email.",,No,No,['S']
MS PowerPoint (New),https://www.shl.com/products/product-catalog/view/ms-powerpoint-new/,"MS PowerPoint (New): Multi-choice test that measures the knowledge of MS PowerPoint toolbars, slide layouts, animation, slideshow, slide designs and formats.",,No,No,['K']
MS Word (New),https://www.shl.com/products/product-catalog/view/ms-word-new/,MS Word (New): Multi-choice test that measures the ability to use MS Word to record and save textual information.,,No,No,['K']
MuleSoft Development (New),https://www.shl.com/products/product-catalog/view/mulesoft-development-new/,"MuleSoft Development (New): Multi-choice test that measures the knowledge of MuleSoft basic concepts, APIs and web services, Mule flow and scope, connectors and deployment.",,No,No,['K']
Multitasking Ability,https://www.shl.com/products/product-catalog/view/multitasking-ability/,"Multitasking Ability: The Multitasking Ability assessment is a measure of one’s ability to adeptly work on more than one task simultaneously, while maintaining efficiency and…",,No,No,['AKS']
Networking and Implementation (New),https://www.shl.com/products/product-catalog/view/networking-and-implementation-new/,"Networking and Implementation (New): Multi-choice test that measures the knowledge of networking devices, protocols, reference models, routing and implementation of networks.",,No,No,['K']
Node.js (New),https://www.shl.com/products/product-catalog/view/node-js-new/,"Node.js (New): Multi-choice test that measures the basic knowledge of Node.js such as events, streams, file system, error handling, concurrency, DB handling and express…",,No,No,['K']
Nursing (New),https://www.shl.com/products/product-catalog/view/nursing-new/,Nursing (New): Multi-choice test that measures the knowledge of carrying out various nursing tasks.,,No,No,['K']
Occupational Personality Questionnaire OPQ32r,https://www.shl.com/products/product-catalog/view/occupational-personality-questionnaire-opq32r/,"Occupational Personality Questionnaire OPQ32r: The SHL Occupational Personality Questionnaire, the OPQ32, is one of the most widely used and respected measures of workplace behavioural style in the world…",,No,No,['P']
Operations Management (New),https://www.shl.com/products/product-catalog/view/operations-management-new/,"Operations Management (New): Multi-choice test that measures the knowledge of planning, product design and development, quality management and supply chain management.",,No,No,['K']
OPQ Candidate Plus Report,https://www.shl.com/products/product-catalog/view/opq-candidate-plus-report/,OPQ Candidate Plus Report: A brief narrative OPQ (Occupational Personality Questionnaire) report designed to be given to the individual who completed the OPQ.,,No,No,['P']
OPQ Candidate Report 2.0,https://www.shl.com/products/product-catalog/view/opq-candidate-report-2-0/,OPQ Candidate Report 2.0: A brief narrative OPQ (Occupational Personality Questionnaire) report structure around 3 OPQ profile sections which can be given to candidates to keep after a…,,No,No,['P']
OPQ Emotional Intelligence Report,https://www.shl.com/products/product-catalog/view/opq-emotional-intelligence-report/,OPQ Emotional Intelligence Report: This OPQ (Occupational Personality Questionnaire) report explores how a person manages feelings and relationships with other people.  It is intended for use in…,,No,No,['P']
OPQ Leadership Report,https://www.shl.com/products/product-catalog/view/opq-leadership-report/,OPQ Leadership Report: This OPQ (Occupational Personality Questionnaire) report provides a detailed analysis of an individual's leadership potential.  It is based on SHL's leading…,,No,No,['P']
OPQ Manager Plus Report,https://www.shl.com/products/product-catalog/view/opq-manager-plus-report/,OPQ Manager Plus Report: This concise OPQ (Occupational Personality Questionnaire) report is designed for use with and by managers.  It uses clear succinct bullets and tables for ease…,,No,No,['P']
OPQ Manager Plus Report 2.0,https://www.shl.com/products/product-catalog/view/opq-manager-plus-report-2-0/,OPQ Manager Plus Report 2.0: This concise OPQ (Occupational Personality Questionnaire) report is designed for use with and by managers. It uses clear succinct bullets and tables for ease…,,No,No,['P']
OPQ Maximising your Learning Report,https://www.shl.com/products/product-catalog/view/opq-maximising-your-learning-report/,OPQ Maximising your Learning Report: This OPQ (Occupational Personality Questionnaire) report is designed to help people get the most from their development.  It summarises the preferred approach…,,No,No,['P']
OPQ MQ Sales Report,https://www.shl.com/products/product-catalog/view/opq-mq-sales-report/,OPQ MQ Sales Report: This OPQ (Occupational Personality Questionnaire) report provides a graphical and narrative summary of an individual's natural style that is critical to sales…,,No,No,['P']
OPQ Premium Plus Report,https://www.shl.com/products/product-catalog/view/opq-premium-plus-report/,"OPQ Premium Plus Report: This OPQ (Occupational Personality Questionnaire) report contains a selection of reports including OPQ profile, user report, manager plus report, candidate…",,No,No,['P']
OPQ Premium Plus Report 2.0,https://www.shl.com/products/product-catalog/view/opq-premium-plus-report-2-0/,"OPQ Premium Plus Report 2.0 : This OPQ (Occupational Personality Questionnaire) report contains a selection of reports including OPQ profile, user report, manager plus report, candidate…",,No,No,['P']
OPQ Profile Report,https://www.shl.com/products/product-catalog/view/opq-profile-report/,OPQ Profile Report: This is a graphical profile charts presenting results across the 32 OPQ scales. It is designed to be interpreted by OPQ trained users only.  Please note this…,,No,No,['P']
OPQ Team Impact Group Development Report,https://www.shl.com/products/product-catalog/view/opq-team-impact-group-development-report/,"OPQ Team Impact Group Development Report: These reports are based on the SHL Team Impact Model, which is focused on actual team processes.  They are supported by clear and easy to understand graphics…",,No,No,['P']
OPQ Team Impact Individual Development Report,https://www.shl.com/products/product-catalog/view/opq-team-impact-individual-development-report/,"OPQ Team Impact Individual Development Report: These reports are based on the SHL Team Impact Model, which is focused on actual team processes.  They are supported by clear and easy to understand graphics…",,No,No,['P']
OPQ Team Impact Selection Report,https://www.shl.com/products/product-catalog/view/opq-team-impact-selection-report/,"OPQ Team Impact Selection Report: These reports are based on the SHL Team Impact Model, which is focused on actual team processes.  They are supported by clear and easy to understand graphics…",,No,No,['P']
OPQ Team Types & Leadership Styles Profile,https://www.shl.com/products/product-catalog/view/opq-team-types-and-leadership-styles-profile/,OPQ Team Types & Leadership Styles Profile: This OPQ (Occupational Personality Questionnaire) report is based on Belbin's team types and Bass's leadership and reporting styles.  Belbins team types…,,No,No,['P']
OPQ Team Types and Leadership Styles Report,https://www.shl.com/products/product-catalog/view/opq-team-types-and-leadership-styles-report/,OPQ Team Types and Leadership Styles Report: This OPQ (Occupational Personality Questionnaire) report is based on Belbin's team types and Bass's leadership and reporting styles.  Belbins team types…,,No,No,['P']
OPQ UCF Development Action Planner Report 1.0,https://www.shl.com/products/product-catalog/view/opq-ucf-development-action-planner-report/,"OPQ UCF Development Action Planner Report 1.0: This OPQ (Occupational Personality Questionnaire) report provides clear and relevant information about an individual's strengths and areas for development, for…",,No,No,['P']
OPQ UCF Development Action Planner Report 2.0,https://www.shl.com/products/product-catalog/view/opq-ucf-development-action-planner-report-2-0/,"OPQ UCF Development Action Planner Report 2.0: This OPQ (Occupational Personality Questionnaire) report provides clear and relevant information about an individual's strengths and areas for development, for…",,No,No,['P']
OPQ Universal Competency Report 1.0,https://www.shl.com/products/product-catalog/view/opq-universal-competency-report/,OPQ Universal Competency Report 1.0: This OPQ (Occupational Personality Questionnaire) report is based on the Universal Competency framework.  It graphically outlines how an individual's typical…,,No,No,['P']
OPQ Universal Competency Report 2.0,https://www.shl.com/products/product-catalog/view/opq-universal-competency-report-2-0/,OPQ Universal Competency Report 2.0: This OPQ (Occupational Personality Questionnaire) report is based on the Universal Competency framework.  It graphically outlines how an individual's typical…,,No,No,['P']
OPQ User and Managers Report,https://www.shl.com/products/product-catalog/view/opq-user-and-managers-report/,"OPQ User and Managers Report: This OPQ (Occupational Personality Questionnaire) report consists of two reports. The User Report includes a Profile Chart and narrative text, focusing on an…",,No,No,['P']
OPQ User Report,https://www.shl.com/products/product-catalog/view/opq-user-report/,"OPQ User Report: This OPQ (Occupational Personality Questionnaire) report includes a Profile Chart and narrative text, focusing on an individuals likely way of behaving at…",,No,No,['PS']
Oracle DBA (Advanced Level) (New),https://www.shl.com/products/product-catalog/view/oracle-dba-advanced-level-new/,"Oracle DBA (Advanced Level) (New): Multi-choice test that measures the knowledge of Oracle DB architecture, backup and recovery, MySQL administration and advanced topics such as network…",,No,No,['K']
Oracle DBA (Entry Level) (New),https://www.shl.com/products/product-catalog/view/oracle-dba-entry-level-new/,"Oracle DBA (Entry Level) (New): Multi-choice test that measures the knowledge of Oracle database architecture, data management, backup and recovery, and MySQL administration.",,No,No,['K']
Oracle PL/SQL (New),https://www.shl.com/products/product-catalog/view/oracle-plsql-new/,"Oracle PL/SQL (New): Multi-choice test that measures the knowledge of SQL queries, relational database concepts and specific Oracle PL/SQL features.",,No,No,['K']
Oracle WebLogic Server (New),https://www.shl.com/products/product-catalog/view/oracle-weblogic-server-new/,"Oracle WebLogic Server (New): Multi-choice test that measures the knowledge of the concepts of WebLogic such as server installation, administration, node, logs manager, security and…",,No,No,['K']
Organic Chemistry (New),https://www.shl.com/products/product-catalog/view/organic-chemistry-new/,Organic Chemistry (New): Multi-choice test that measures the knowledge of the basic concepts in organic chemistry.,,No,No,['K']
Paint Technology (New),https://www.shl.com/products/product-catalog/view/paint-technology-new/,"Paint Technology (New): Multi-choice test that measures the knowledge of paint raw materials and precursors, manufacture of different types of coatings, surface treatment and coating…",,No,No,['K']
Pediatrics (New),https://www.shl.com/products/product-catalog/view/pediatrics-new/,"Pediatrics (New): Multi-choice test that measures the basic knowledge of pediatric diseases, their symptoms and the medicines administered to cure or prevent them.",,No,No,['K']
Pega Development (New),https://www.shl.com/products/product-catalog/view/pega-development-new/,"Pega Development (New): Multi-choice test that measures the knowledge of Pega architecture, user interface, rule and user management, case management, integration with external…",,No,No,['K']
Perl (New),https://www.shl.com/products/product-catalog/view/perl-new/,"Perl (New): Multi-choice test that measures the knowledge of Perl scripting used for text manipulation, web development, system administration, etc.",,No,No,['K']
Petrochemical Engineering (New),https://www.shl.com/products/product-catalog/view/petrochemical-engineering-new/,"Petrochemical Engineering (New): Multi-choice test that measures the knowledge of fluid and thermal principles of petrochemical engineering, chemical processes, petroleum composition and…",,No,No,['K']
Petroleum Engineering (New),https://www.shl.com/products/product-catalog/view/petroleum-engineering-new/,"Petroleum Engineering (New): Multi-choice test that measures the knowledge of petroleum engineering, drilling and production operations and offshore petroleum production.",,No,No,['K']
Pharmaceutical Analysis (New),https://www.shl.com/products/product-catalog/view/pharmaceutical-analysis-new/,"Pharmaceutical Analysis (New): Multi-choice test that measures the knowledge of laboratory analytical techniques such as chromatography, titration, spectroscopy, and spectrophotometry.",,No,No,['K']
Pharmaceutical Chemistry (New),https://www.shl.com/products/product-catalog/view/pharmaceutical-chemistry-new/,"Pharmaceutical Chemistry (New): Multi-choice test that measures the knowledge of physical chemistry, organic chemistry, inorganic chemistry, biochemistry and medicinal chemistry.",,No,No,['K']
Pharmaceutical Science (New),https://www.shl.com/products/product-catalog/view/pharmaceutical-science-new/,"Pharmaceutical Science (New): Multi-choice test that measures the knowledge of drug manufacture, drug delivery, drug action, and pharmaceutical analysis techniques.",,No,No,['K']
Pharmaceutics (New),https://www.shl.com/products/product-catalog/view/pharmaceutics-new/,"Pharmaceutics (New): Multi-choice test that measures the knowledge of pharmaceutical engineering and technology for drug manufacture, biopharmaceutics, modern pharmaceutics and…",,No,No,['K']
Pharmacology (New),https://www.shl.com/products/product-catalog/view/pharmacology-new/,"Pharmacology (New): Multi-choice test that measures the knowledge of pharmacological drugs classification, chemotherapy, inflammatory disorders, drug action on nervous system…",,No,No,['K']
PHP (New),https://www.shl.com/products/product-catalog/view/php-new/,"PHP (New): Multi-choice test that measures the knowledge of OOPs & programming constructs, web & database handling and advanced PHP.",,No,No,['K']
PJM Development Report,https://www.shl.com/products/product-catalog/view/pjm-development-report/,PJM Development Report: The Person-Job Match Report is unique in that it  matches the performance potential of the  individual to the job’s specific competencies. This  provides you…,,No,No,['CAP']
PJM Selection Report,https://www.shl.com/products/product-catalog/view/pjm-selection-report/,"PJM Selection Report: The PJM Report provides a clear indication of each candidate's ""degree of fit"" to a role.  Provides targeted assessment results that match individuals with…",,No,No,['ACP']
Polymer Engineering (New),https://www.shl.com/products/product-catalog/view/polymer-engineering-new/,"Polymer Engineering (New): Multi-choice test that measures the knowledge of characterization of polymers, processing, synthesis, testing and applications in daily life.",,No,No,['K']
Power Electronics and Drives (New),https://www.shl.com/products/product-catalog/view/power-electronics-and-drives-new/,"Power Electronics and Drives (New): Multi-choice test that measures the knowledge of power semiconductor devices, power electronic converters, drives and control systems.",,No,No,['K']
Power System Engineering (New),https://www.shl.com/products/product-catalog/view/power-system-engineering-new/,"Power System Engineering (New): Multi-choice test that measures the knowledge of power generation and transmission, electrical machines, power systems and drives, control and instrumentation…",,No,No,['K']
Prism (New),https://www.shl.com/products/product-catalog/view/prism-new/,"Prism (New): Multi-choice test that measures the knowledge of modules, patterns and other basic concepts of using the Prism library.",,No,No,['K']
Production and Industrial Engineering (New),https://www.shl.com/products/product-catalog/view/production-and-industrial-engineering-new/,"Production and Industrial Engineering (New): Multi-choice test that measures the knowledge of production technology, quality management, and design and planning of manufacturing systems.",,No,No,['K']
Production Engineering (New),https://www.shl.com/products/product-catalog/view/production-engineering-new/,"Production Engineering (New): Multi-choice test that measures the knowledge of production technology and analysis, metal cutting, tool design, material science and CIM.",,No,No,['K']
Programming Concepts,https://www.shl.com/products/product-catalog/view/programming-concepts/,Programming Concepts: The Programming Concepts test measures knowledge of the core aspects of computer science programming that is valid across programming languages. Designed for…,,No,No,['K']
Project Management (2013),https://www.shl.com/products/product-catalog/view/project-management-2013/,Project Management (2013): The Project Management (2013) test measures knowledge of how to manage projects to ensure that objectives are completed on time and within budget. The test is…,,No,No,['K']
Proofreading v1,https://www.shl.com/products/product-catalog/view/proofreading-v1/,"Proofreading v1: This assessment measures ability to read for errors involving spelling, punctuation, grammar and word choice.  It also measures ability to correct those errors.",,No,No,['K']
Python (New),https://www.shl.com/products/product-catalog/view/python-new/,"Python (New): Multi-choice test that measures the knowledge of Python programming, databases, modules and library.",,No,No,['K']
R Programming (New),https://www.shl.com/products/product-catalog/view/r-programming-new/,R Programming (New): Multi-choice test that measures the knowledge of R programming and its application in statistics.,,No,No,['K']
ReactJS (New),https://www.shl.com/products/product-catalog/view/reactjs-new/,"ReactJS (New): Multi-choice test that measures the technical knowledge of React APIs, render function, JSX, form validation and styling.",,No,No,['K']
Reading Comprehension - English v1,https://www.shl.com/products/product-catalog/view/reading-comprehension-english-v1/,Reading Comprehension - English v1: The Reading Comprehension - English   assessment provides a general measure of   English reading comprehension. This test is   comprised of items that contain…,,No,No,['A']
Reading Comprehension - Spanish v1,https://www.shl.com/products/product-catalog/view/reading-comprehension-spanish-v1/,Reading Comprehension - Spanish v1: The Reading Comprehension - Spanish assessment provides a general measure of Spanish reading comprehension. This test is comprised of items that contain a…,,No,No,['A']
Reading Comprehension v2,https://www.shl.com/products/product-catalog/view/reading-comprehension-v2/,Reading Comprehension v2: The Reading Comprehension - English   assessment provides a general measure of   English reading comprehension. This test is   comprised of items that contain…,,No,No,['A']
RemoteWorkQ,https://www.shl.com/products/product-catalog/view/remoteworkq/,"RemoteWorkQ: Using the Apta™ Architecture to focus on the relevant competency behaviors in the Universal Competency Framework, SHL developed the RemoteWorkQ to measure…",,No,No,['C']
RemoteWorkQ Manager Report,https://www.shl.com/products/product-catalog/view/remoteworkq-manager-report/,"RemoteWorkQ Manager Report: Using the Apta™ Architecture to focus on the relevant competency behaviors in the Universal Competency Framework, SHL developed the RemoteWorkQ to measure…",,No,No,['C']
RemoteWorkQ Participant Report,https://www.shl.com/products/product-catalog/view/remoteworkq-participant-report/,"RemoteWorkQ Participant Report : Using the Apta™ Architecture to focus on the relevant competency behaviors in the Universal Competency Framework, SHL developed the RemoteWorkQ to measure…",,No,No,['C']
RESTful Web Services (New),https://www.shl.com/products/product-catalog/view/restful-web-services-new/,"RESTful Web Services (New): Multi-choice test that measures the knowledge of REST features, architecture, handling requests, producing responses, entity translation, working with return…",,No,No,['K']
Retail Sales and Service Simulation,https://www.shl.com/products/product-catalog/view/retail-sales-and-service-simulation/,Retail Sales and Service Simulation: The Retail Sales and Service Simulation measures the ability of a candidate to choose effective sales and service techniques while interacting with customers…,,No,No,['BKSA']
Reviewing Forms - US (R1),https://www.shl.com/products/product-catalog/view/reviewing-forms-us-r1/,Reviewing Forms - US (R1): This assessment measures ability to detect errors in forms by comparing text in a form to text in a paragraph format. Based on information in the paragraph…,,No,No,['K']
Ruby (New),https://www.shl.com/products/product-catalog/view/ruby-new/,"Ruby (New): Multi-choice test that measures the knowledge of Ruby strings, collection classes, regular expressions, methods, object oriented programming, exception…",,No,No,['K']
Ruby on Rails (New),https://www.shl.com/products/product-catalog/view/ruby-on-rails-new/,"Ruby on Rails (New): Multi-choice test that measures the knowledge of Ruby Programming, Rails installation, Rails MVC and Rails programming model.",,No,No,['K']
Sales & Service Phone Simulation,https://www.shl.com/products/product-catalog/view/sales-and-service-phone-simulation/,"Sales & Service Phone Simulation : As part of Contact Center Simulations, the Sales & Service Phone Simulation is designed for contact center roles that involve sales or sales-related behaviors…",,No,No,['SB']
Sales & Service Phone Solution,https://www.shl.com/products/product-catalog/view/sales-and-service-phone-solution/,"Sales & Service Phone Solution: As part of Contact Center Simulations, the Sales & Service Phone Solution includes a contact center simulation and three behavioral tests designed to measure a…",,No,No,['BPS']
Sales Interview Guide,https://www.shl.com/products/product-catalog/view/sales-interview-guide/,Sales Interview Guide: The SHL Sales Model is mapped to the SHL Universal Competency Model (UCF). The Sales Model Interview guide was developed to enable you to use the Sales Report…,,No,No,['PP']
Sales Profiler Cards,https://www.shl.com/products/product-catalog/view/sales-profiler-cards/,Sales Profiler Cards: The SHL Sales Model is mapped to the SHL Universal Competency Model (UCF). The Sales Model Profiler cards have been developed to enable you to use the Sales…,,No,No,['P']
Sales Transformation 1.0 - Individual Contributor,https://www.shl.com/products/product-catalog/view/sales-transformation-report-individual-contributor/,Sales Transformation 1.0 - Individual Contributor: This report draws insights from the OPQ. It provides an accurate and objective measure of a salesperson’s ability to sell well in a digital first environment…,,No,No,['P']
Sales Transformation 2.0 - Individual Contributor,https://www.shl.com/products/product-catalog/view/salestransformationreport2-0-individualcontributor/,Sales Transformation 2.0 - Individual Contributor: This report draws insights from the OPQ. It provides an accurate and objective measure of a salesperson’s ability to sell well in a digital first environment…,,No,No,['P']
Sales Transformation Report 1.0 - Sales Manager,https://www.shl.com/products/product-catalog/view/sales-transformation-report-sales-manager/,Sales Transformation Report 1.0 - Sales Manager: This report combines insights from the OPQ and a Sales Management questionnaire. It provides an accurate and objective measure of a sales manager’s capability…,,No,No,['P']
Sales Transformation Report 2.0 - Sales Manager,https://www.shl.com/products/product-catalog/view/sales-transformation-report-2-0-sales-manager/,Sales Transformation Report 2.0 - Sales Manager: This report combines insights from the OPQ and a Sales Management questionnaire. It provides an accurate and objective measure of a sales manager’s capability…,,No,No,['P']
Salesforce Development (New),https://www.shl.com/products/product-catalog/view/salesforce-development-new/,"Salesforce Development (New): Multi-choice test that measures the knowledge of Salesforce platform, design and data models, business logic, data management and analytics.",,No,No,['K']
SAP ABAP (Advanced Level) (New),https://www.shl.com/products/product-catalog/view/sap-abap-advanced-level-new/,"SAP ABAP (Advanced Level) (New): Multi-choice test that measures the knowledge of SAP ABAP dictionary, dialog programming, reports, enhancements, workflows, optimizations and advanced ABAP…",,No,No,['K']
SAP ABAP (Intermediate Level) (New),https://www.shl.com/products/product-catalog/view/sap-abap-intermediate-level-new/,"SAP ABAP (Intermediate Level) (New): Multi-choice test that measures the knowledge of SAP ABAP dictionary, elements, operations, architecture, ABAP data types, ABAP reporting, batch data…",,No,No,['K']
SAP Basis (New),https://www.shl.com/products/product-catalog/view/sap-basis-new/,"SAP Basis (New): Multi-choice test that measures the knowledge of SAP architecture, database administration, background processing, user administration, client administration…",,No,No,['K']
SAP Business Objects WebI (New),https://www.shl.com/products/product-catalog/view/sap-business-objects-webi-new/,"SAP Business Objects WebI (New): Multi-choice test that measures the knowledge of SAP interactive analysis, reporting, formatting and scheduling documents.",,No,No,['K']
SAP BW (Business Warehouse) (New),https://www.shl.com/products/product-catalog/view/sap-bw-business-warehouse-new/,"SAP BW (Business Warehouse) (New): Multi-choice test that measures the knowledge of SAP architecture, meta data, data modelling, extraction, loading, scheduling, data reporting, performance…",,No,No,['K']
SAP HCM (Human Capital Management) (New),https://www.shl.com/products/product-catalog/view/sap-hcm-human-capital-management-new/,"SAP HCM (Human Capital Management) (New): Multi-choice test that measures the knowledge of SAP HR/ HCM structure, personnel administration, SAP HCM tasks, SAP HCM SuccessFactors solutions.",,No,No,['K']
SAP Hybris (New),https://www.shl.com/products/product-catalog/view/sap-hybris-new/,"SAP Hybris (New): Multi-choice test that measures the knowledge of Hybris extensions, its architecture, configuration, data modelling and management, service layer programming…",,No,No,['K']
SAP Materials Management (New),https://www.shl.com/products/product-catalog/view/sap-materials-management-new/,"SAP Materials Management (New): Multi-choice test that measures the knowledge of SAP materials management, organization units integration, purchasing, pricing, release procedure, contracts…",,No,No,['K']
SAP SD (Sales and Distribution) (New),https://www.shl.com/products/product-catalog/view/sap-sd-sales-and-distribution-new/,"SAP SD (Sales and Distribution) (New): Multi-choice test that measures the knowledge of ERP basics, SAP architecture, sales, distribution, master data, documents, basic functions in S&D, billing…",,No,No,['K']
Search Engine Optimization (New),https://www.shl.com/products/product-catalog/view/search-engine-optimization-new/,"Search Engine Optimization (New): Multi-choice test that measures the knowledge on the concepts of need of SEO, SEO planning, SEO strategies, SEO software, tools and exchanging links.",,No,No,['K']
Selenium (New),https://www.shl.com/products/product-catalog/view/selenium-new/,"Selenium (New): Multi-choice test that measures the knowledge of Selenium IDE, Selenium RC, Selenium grid, web driver, test design considerations, user extensions, frameworks…",,No,No,['K']
Shell Scripting (New),https://www.shl.com/products/product-catalog/view/shell-scripting-new/,"Shell Scripting (New): Multi-choice test that measures the knowledge of Shell scripting to perform operations such as file manipulation, program execution and printing text.",,No,No,['K']
SHL Verify Interactive - Inductive Reasoning,https://www.shl.com/products/product-catalog/view/shl-verify-interactive-inductive-reasoning/,SHL Verify Interactive - Inductive Reasoning: Evaluates ability to identify specific patterns in data or situations and generalize that information to broader contexts.,,No,No,['AS']
SHL Verify Interactive – Deductive Reasoning,https://www.shl.com/products/product-catalog/view/shl-verify-interactive-deductive-reasoning/,"SHL Verify Interactive – Deductive Reasoning: Measures the ability to draw logical conclusions based on information provided, identify strengths and weaknesses of arguments, and complete scenarios using…",,No,No,['AS']
SHL Verify Interactive – Numerical Reasoning,https://www.shl.com/products/product-catalog/view/shl-verify-interactive-numerical-reasoning/,SHL Verify Interactive – Numerical Reasoning: Assesses how the candidate comprehends numerical information in various formats.,,No,No,['AS']
SHL Verify Interactive G+,https://www.shl.com/products/product-catalog/view/shl-verify-interactive-g/,SHL Verify Interactive G+: SHL Verify Interactive G+ (SVIG+) is a test of general cognitive ability that also generates accurate assessments of three specific abilities: Deductive…,36.0,No,No,['A']
SHL Verify Interactive Numerical Calculation,https://www.shl.com/products/product-catalog/view/shl-verify-interactive-numerical-calculation/,SHL Verify Interactive Numerical Calculation: The Verify Interactive Numerical Calculation test measures a candidate’s ability to work with numbers and use appropriate mathematics in different situations…,,No,No,['A']
Siebel Development (New),https://www.shl.com/products/product-catalog/view/siebel-development-new/,"Siebel Development (New): Multi-choice test that measures the knowledge of Siebel basics, architecture server administration, access control, Siebel client and web applications, Siebel…",,No,No,['K']
Smart Interview Live,https://www.shl.com/products/product-catalog/view/smart-interview-live/,Smart Interview Live: SHL Live Video Interview is a real-time video interview tool. It allows recruiters and line managers to remotely engage with candidates and reach hiring…,,No,No,['P']
Smart Interview Live Coding,https://www.shl.com/products/product-catalog/view/smart-interview-live-coding/,"Smart Interview Live Coding: Smart Interview Live Coding is a real-time online coding interview, with a compiler interface. It enables one-to-one, panel and group interviews. Use Smart…",,No,No,['K']
Smart Interview On Demand,https://www.shl.com/products/product-catalog/view/smart-interview-on-demand/,"Smart Interview On Demand: Smart Interview On Demand is a  recorded  (asynchronous) video interview tool, that introduces you to each person behind the resume with a short-recorded video…",,No,No,['P']
Social Media (New),https://www.shl.com/products/product-catalog/view/social-media-new/,Social Media (New): Multi-choice test that measures the knowledge about the different social media platforms.,,No,No,['K']
Software Business Analysis,https://www.shl.com/products/product-catalog/view/software-business-analysis/,"Software Business Analysis: The Software Business Analysis test measures ability to acquire and understand business requirements for an IT project, develop technical assets in support of…",,No,No,['K']
SonarQube (New),https://www.shl.com/products/product-catalog/view/sonarqube-new/,"SonarQube (New): Multi-choice test that measures the knowledge of SonarQube, integration tests, Sonar symbols, wildcards, quality cover and Sonar architecture.",,No,No,['K']
Spelling (U.S.) (New),https://www.shl.com/products/product-catalog/view/spelling-u-s-new/,Spelling (U.S.) (New): Multi-choice test that measures the knowledge of correct spellings in English and the ability to identify spelling errors in sentences.,,No,No,['K']
Split Screen Typing Test - Form 1,https://www.shl.com/products/product-catalog/view/split-screen-typing-test-form-1/,"Split Screen Typing Test - Form 1: This test measures speed and accuracy in typing text presented on the computer screen. In this assessment, the text original is displayed directly above the…",,No,No,['AK']
Spring (New),https://www.shl.com/products/product-catalog/view/spring-new/,"Spring (New): Multi-choice test that measures the knowledge of Spring core, AOP, IOC container and transactions.",,No,No,['K']
SQL (New),https://www.shl.com/products/product-catalog/view/sql-new/,"SQL (New): Multi-choice test that measures the knowledge of SQL queries, data manipulation and transaction processing.",,No,No,['K']
SQL Server (New),https://www.shl.com/products/product-catalog/view/sql-server-new/,"SQL Server (New): Multi-choice test that measures the knowledge of basic SQL queries, creating and altering tables, filtering, grouping, aggregation in SQL and querying multiple…",,No,No,['K']
SQL Server Analysis Services (SSAS) (New),https://www.shl.com/products/product-catalog/view/sql-server-analysis-services-%28ssas%29-%28new%29/,"SQL Server Analysis Services (SSAS) (New): Multi-choice test that measures the knowledge of SSAS database, querying multidimensional analysis solutions, cube hierarchies, measures, dimensions, power BI…",,No,No,['K']
SQL Server Integration Services (SSIS) (New),https://www.shl.com/products/product-catalog/view/sql-server-integration-services-ssis-new/,"SQL Server Integration Services (SSIS) (New): Multi-choice test that measures the knowledge of SSIS architecture, components, control flow, data flow, transformation, SQL server tasks, SSIS administration…",,No,No,['K']
SQL Server Reporting Services (SSRS) (New),https://www.shl.com/products/product-catalog/view/sql-server-reporting-services-ssrs-new/,"SQL Server Reporting Services (SSRS) (New): Multi-choice test that measures the knowledge of SSRS architecture, report creation, formatting, calculations, creating matrix reports and charts, grouping…",,No,No,['K']
Statistical Analysis System (New),https://www.shl.com/products/product-catalog/view/statistical-analysis-system-new/,Statistical Analysis System (New): Multi-choice test that measures the ability to use the SAS software for statistical analysis.,,No,No,['K']
Struts (New),https://www.shl.com/products/product-catalog/view/struts-new/,"Struts (New): Multi-choice test that measures the knowledge of Struts framework, configuration, validations, actions and interceptors.",,No,No,['K']
SVAR - Spoken English (AUS),https://www.shl.com/products/product-catalog/view/svar-spoken-english-aus/,"SVAR - Spoken English (AUS): An automated spoken English test that measures fluency, pronunciation, active listening, vocabulary, grammar and spoken English understanding.     Your use of…",,No,No,['S']
SVAR - Spoken English (Indian Accent)  (New),https://www.shl.com/products/product-catalog/view/svar-spoken-english-indian-accent-new/,"SVAR - Spoken English (Indian Accent)  (New): An automated spoken English test that measures fluency, pronunciation, active listening, vocabulary, grammar and spoken English understanding.     Your use of…",,No,No,['S']
SVAR - Spoken English (U.K.),https://www.shl.com/products/product-catalog/view/svar-spoken-english-u-k/,"SVAR - Spoken English (U.K.): An automated spoken English test that measures fluency, pronunciation, active listening, vocabulary, grammar and spoken English understanding.     Your use of…",,No,No,['S']
SVAR - Spoken English (US)  (New),https://www.shl.com/products/product-catalog/view/svar-spoken-english-us-new/,"SVAR - Spoken English (US)  (New): An automated spoken English test that measures fluency, pronunciation, active listening, vocabulary, grammar and spoken English understanding.     Your use of…",,No,No,['S']
SVAR - Spoken French (Canadian) (New),https://www.shl.com/products/product-catalog/view/svar-spoken-french-canadian-new/,"SVAR - Spoken French (Canadian) (New): Test automatisé de français parlé qui évalue l'aisance, la prononciation, l'écoute active, le vocabulaire, la grammaire, et la compréhension du français parl…",,No,No,['S']
SVAR - Spoken French (European) (New),https://www.shl.com/products/product-catalog/view/svar-spoken-french-european-new/,"SVAR - Spoken French (European) (New): Test automatisé de français parlé qui évalue l'aisance, la prononciation, l'écoute active, le vocabulaire, la grammaire, et la compréhension du français parl…",,No,No,['S']
SVAR - Spoken Spanish (Castilian) (New),https://www.shl.com/products/product-catalog/view/svar-spoken-spanish-castilian-new/,"SVAR - Spoken Spanish (Castilian) (New): Test automatizado de español oral que mide la fluidez, la pronunciación, la escucha activa, el vocabulario, la gramática y la comprensión oral del español…",,No,No,['S']
SVAR - Spoken Spanish (North American) (New),https://www.shl.com/products/product-catalog/view/svar-spoken-spanish-north-american-new/,"SVAR - Spoken Spanish (North American) (New): Test automatizado de español oral que mide la fluidez, la pronunciación, la escucha activa, el vocabulario, la gramática y la comprensión oral del español…",,No,No,['S']
Swing (New),https://www.shl.com/products/product-catalog/view/swing-new/,"Swing (New): Multi-choice test that measures the knowledge of components, containers, layouts and event handling in Swing.",,No,No,['K']
Tableau (New),https://www.shl.com/products/product-catalog/view/tableau-new/,"Tableau (New): Multi-choice test that measures the knowledge of how to use Tableau to prepare tables, create visualizations, perform calculations, apply filters and carry out…",,No,No,['K']
Telecommunications Engineering (New),https://www.shl.com/products/product-catalog/view/telecommunications-engineering-new/,"Telecommunications Engineering (New): Multi-choice test that measures the knowledge of analog communication, digital communication, electromagnetism and microwave engineering.",,No,No,['K']
Teradata Development (New),https://www.shl.com/products/product-catalog/view/teradata-development-new/,"Teradata Development (New): Multi-choice test that measures the knowledge on Teradata concepts of RDBMS components, performance availability features, utilities, workload management…",,No,No,['K']
Time Management (U.S.),https://www.shl.com/products/product-catalog/view/time-management-u-s/,Time Management (U.S.): This is an adaptive test that measures the candidate's knowledge of how to use time wisely in the workplace. It is designed for the average business worker and…,,No,No,['K']
Training Development,https://www.shl.com/products/product-catalog/view/training-development/,"Training Development: The Training Development test measures knowledge of developing and delivering training programs. Designed for experienced trainers, this test covers the…",,No,No,['K']
Typing (New),https://www.shl.com/products/product-catalog/view/typing-new/,Typing (New): Typing based test that evaluates typing speed and accuracy.,,No,No,['S']
UiPath RPA Development (New),https://www.shl.com/products/product-catalog/view/uipath-rpa-development-new/,"UiPath RPA Development (New): Multi-choice test that measures the knowledge on UiPath architecture, workflows recording, UI interaction, automation, and orchestrator.",,No,No,['K']
Universal Competency Framework Interview Guide,https://www.shl.com/products/product-catalog/view/universal-competency-framework-interview-guide/,Universal Competency Framework Interview Guide: The UCF Interview Guide provides a structured way of gathering information about each candidate and their competency potential across the 20 UCF Dimensions…,,No,No,['CP']
Universal Competency Framework Job profiling guide,https://www.shl.com/products/product-catalog/view/universal-competency-framework-job-profiling-guide/,Universal Competency Framework Job profiling guide: The SHL Universal Competency Framework establishes a common language for competencies that underpins SHL’s products and services. It is a single underlying…,,No,No,['CP']
Universal Competency Framework Profiler Cards (44),https://www.shl.com/products/product-catalog/view/universal-competency-framework-profiler-cards-44/,"Universal Competency Framework Profiler Cards (44): The UCF sets out the key behaviours that drive performance using a standard, proven hierarchy that can be applied to virtually any job at any level, in any…",,No,No,['CP']
UNIX (New),https://www.shl.com/products/product-catalog/view/unix-new/,"UNIX (New): Multi-choice test that measures the knowledge on the concepts of UNIX commands, file system, file handling, regular expression, awk programming and shell…",,No,No,['K']
VB.NET (New),https://www.shl.com/products/product-catalog/view/vb-net-new/,"VB.NET (New): Multi-choice test that measures the knowledge on the concepts of VB.NET assemblies, OOPs concepts, ADO.NET, multithreading, exception handling and GUI.",,No,No,['K']
Verify - Deductive Reasoning,https://www.shl.com/products/product-catalog/view/verify-deductive-reasoning/,Verify - Deductive Reasoning: The Verify Deductive Reasoning Test is an online ability assessment that can be used to support both pre- and post-hire assessment processes. It enables…,18.0,No,No,['A']
Verify - Following Instructions,https://www.shl.com/products/product-catalog/view/verify-following-instructions/,Verify - Following Instructions: This test measures a candidate's ability to follow detailed instructions and then select the correct course of action. Candidates are presented with a set of…,,No,No,['A']
Verify - G+,https://www.shl.com/products/product-catalog/view/verify-g/,"Verify - G+: The G+ test is part of the Verify suite of cognitive ability tests. The test is designed to measure three types of ability: Numerical, Deductive, and…",,No,No,['A']
Verify - General Ability Screen,https://www.shl.com/products/product-catalog/view/verify-general-ability-screen/,"Verify - General Ability Screen: The General Ability Screen is a first for us – a measure of general mental ability or ‘g’ .  Targeted at ‘entry-level’ roles, General Ability Screen is…",,No,No,['A']
Verify - Inductive Reasoning (2014),https://www.shl.com/products/product-catalog/view/verify-inductive-reasoning-2014/,Verify - Inductive Reasoning (2014): Inductive Reasoning is a test used for job candidates applying to jobs at all levels that require logical reasoning ability. Sample tasks for jobs that may…,,No,No,['A']
Verify - Numerical Ability,https://www.shl.com/products/product-catalog/view/verify-numerical-ability/,Verify - Numerical Ability: The next-generation Verify Numerical Ability Test provides a replacement for the existing Numerical Reasoning test in our Verify range of ability tests and the…,20.0,No,No,['A']
Verify - Technical Checking - Next Generation,https://www.shl.com/products/product-catalog/view/verify-technical-checking-next-generation/,Verify - Technical Checking - Next Generation: The Technical Checking assessment is part of the Verify suite of cognitive ability assessments. Technical Checking measures perceptual speed and accuracy. This…,,No,No,['A']
Verify - Verbal Ability - Next Generation,https://www.shl.com/products/product-catalog/view/verify-verbal-ability-next-generation/,"Verify - Verbal Ability - Next Generation: The Verbal Ability test measures the ability to read written passages and comprehend the text, interpret tone and author intent, identify main ideas, and…",15.0,No,No,['A']
Verify - Working with Information,https://www.shl.com/products/product-catalog/view/verify-working-with-information/,Verify - Working with Information: This test measures a candidate's ability to process information. Candidates are given information in different table formats and are asked to use the…,,No,No,['A']
Verify G+ - Ability Test Report,https://www.shl.com/products/product-catalog/view/verify-g-ability-test-report/,"Verify G+ - Ability Test Report: The SHL Verify G+ Ability Test Report provides the candidate's overall General Ability score alongside scores on Numerical, Deductive and Inductive Reasoning…",,No,No,['A']
Verify G+ - Candidate Report,https://www.shl.com/products/product-catalog/view/verify-g-candidate-report/,"Verify G+ - Candidate Report: The SHL Verify G+ Ability Candidate Report provides the candidate with feedback on their Numerical, Deductive and Inductive Reasoning results. It does not…",,No,No,['A']
Verify Interactive Ability Report,https://www.shl.com/products/product-catalog/view/verify-interactive-ability-report/,Verify Interactive Ability Report: Verify Interactive Ability Report,,No,No,['A']
Verify Interactive G+ Candidate Report,https://www.shl.com/products/product-catalog/view/verify-interactive-g-candidate-report/,Verify Interactive G+ Candidate Report: Verify Interactive G+ Candidate Report,,No,No,['A']
Verify Interactive G+ Report,https://www.shl.com/products/product-catalog/view/verify-interactive-g-report/,Verify Interactive G+ Report: Report for Verify Interactive G+,,No,No,['A']
Verify Interactive Process Monitoring,https://www.shl.com/products/product-catalog/view/verify-interactive-process-monitoring/,Verify Interactive Process Monitoring : The SHL Verify Range of Ability Tests is a suite of cognitive ability assessments appropriate for candidates at a wide range of job levels. The SHL Process…,,No,No,['A']
Virtual Assessment and Development Centers,https://www.shl.com/products/product-catalog/view/virtual-assessment-and-development-centers/,Virtual Assessment and Development Centers: SHL’s innovative virtual assessment centers wow new hires or existing employees and show how you invest in your people. They are a highly engaging experience…,,No,No,['P']
Visual Basic for Applications (New),https://www.shl.com/products/product-catalog/view/visual-basic-for-applications-new/,"Visual Basic for Applications (New): Multi-choice test that measures the knowledge of VBA programming constructs, forms, controls and VBA security.",,No,No,['K']
Visual Comparison - UK,https://www.shl.com/products/product-catalog/view/visual-comparison-uk/,Visual Comparison - UK: This assessment measures ability to efficiently compare information and detect errors. The test taker is required to examine four pairs of numbers and select…,,No,No,['K']
Visual Comparison - US,https://www.shl.com/products/product-catalog/view/visual-comparison-us/,Visual Comparison - US: This assessment measures ability to efficiently compare information and detect errors. The test taker is required to examine four pairs of numbers and select…,,No,No,['K']
VLSI and Embedded Systems (New),https://www.shl.com/products/product-catalog/view/vlsi-and-embedded-systems-new/,VLSI and Embedded Systems (New): Multi-choice test that measures the knowledge of VLSI and embedded systems basics.,,No,No,['K']
What Is The Value - US,https://www.shl.com/products/product-catalog/view/what-is-the-value-us/,What Is The Value - US: The What is the Value –US test measures money handling ability. This test is designed for entry-level positions where handling money is required on a regular…,,No,No,['K']
Workplace Administration Skills (New),https://www.shl.com/products/product-catalog/view/workplace-administration-skills-new/,"Workplace Administration Skills (New): Multi-choice test that measures the ability to organize one's workplace, properly maintain data, perform simple tasks on the computer and resolve…",,No,No,['K']
Workplace Health and Safety (New),https://www.shl.com/products/product-catalog/view/workplace-health-and-safety-new/,"Workplace Health and Safety (New): Multi-choice test that measures the knowledge of first aid, emergency safety measures, cleanliness and personal hygiene.",,No,No,['K']
WriteX - Email Writing (Customer Service) (New),https://www.shl.com/products/product-catalog/view/writex-email-writing-customer-service-new/,"WriteX - Email Writing (Customer Service) (New): Open response test that evaluates the ability to write proper emails in English. The test provides scores on content, grammar and email etiquette.     Your use…",,No,No,['S']
WriteX - Email Writing (Managerial) (New),https://www.shl.com/products/product-catalog/view/writex-email-writing-managerial-new/,"WriteX - Email Writing (Managerial) (New): Open response test that evaluates the ability to write proper emails in English. The test provides scores on content, grammar and email etiquette.     Your use…",,No,No,['S']
WriteX - Email Writing (Sales) (New),https://www.shl.com/products/product-catalog/view/writex-email-writing-sales-new/,"WriteX - Email Writing (Sales) (New): Open response test that evaluates the ability to write proper emails in English. The test provides scores on content, grammar and email etiquette.     Your use…",,No,No,['BS']
Written English v1,https://www.shl.com/products/product-catalog/view/written-english-v1/,Written English v1: The Written English test measures knowledge of US English grammar and English reading comprehension. It is designed for those with English as a second language…,,No,No,['K']
Written Spanish,https://www.shl.com/products/product-catalog/view/written-spanish/,Written Spanish: This test measures knowledge of Spanish grammar and Spanish reading comprehension skills. Designed primarily for individuals where Spanish is their second…,,No,No,['K']
Zabbix (New),https://www.shl.com/products/product-catalog/view/zabbix-new/,"Zabbix (New): Multi-choice test that measures the knowledge of Zabbix architecture, data handling, monitoring and administration.",,No,No,['K']
360 Digital Report,https://www.shl.com/products/product-catalog/view/360-digital-report/,"360 Digital Report: Introducing the new 360 Digital Report from SHL! Our latest offering revolutionizes the reporting experience for our 360 products, catering to the modern…",,No,No,['D']
360° Multi-Rater Feedback System (MFS),https://www.shl.com/products/product-catalog/view/360-multi-rater-feedback-system-mfs/,"360° Multi-Rater Feedback System (MFS): SHL 360, or the Multi-Rater Feedback System (‘MFS’), provides a holistic 360-degree view of an employee by gathering feedback from the employee’s manager…",,No,No,['DP']
